363579.513	0.933042818	0.094680076
362743.3554	0.932937001	0.094970305
361909.7252	0.932830205	0.095259904
361077.3103	0.932722388	0.095548856
360247.4179	0.93261351	0.095837144
359418.748	0.932503526	0.09612475
358591.3099	0.932392392	0.096411656
357766.3929	0.932280063	0.096697847
356943.9883	0.93216649	0.096983303
356122.8196	0.932051625	0.097268009
355304.1581	0.931935416	0.097551946
354486.7387	0.931817812	0.097835098
353671.8208	0.931698757	0.098117446
352858.151	0.931578196	0.098398974
352046.9771	0.931456069	0.098679665
351237.0569	0.931332315	0.098959502
350429.6267	0.931206868	0.099238468
349623.4555	0.931079664	0.099516563
348818.5516	0.93095065	0.099793758
348017.3452	0.93081975	0.100070036
347216.1942	0.930686891	0.100345382
346417.5232	0.930551996	0.100619781
345621.3235	0.930414988	0.100893218
344826.3972	0.930275784	0.101165679
344032.7519	0.930134299	0.101437153
343241.5734	0.929990442	0.101707625
342452.8528	0.929844122	0.101977086
341664.2465	0.929695239	0.102245524
340879.264	0.929543692	0.102512933
340094.4102	0.929389372	0.102779304
339313.1623	0.929232166	0.103044633
338532.0573	0.929071956	0.103308918
337753.3995	0.928908616	0.10357216
336977.1799	0.928742014	0.103834361
336202.2593	0.92857201	0.10409553
335428.6443	0.928398457	0.10435568
334657.4614	0.9282212	0.104614829
333887.5867	0.928040073	0.104873002
333119.0268	0.927854902	0.105130234
332352.8923	0.927665503	0.105386566
331589.1743	0.92747168	0.105642053
330826.7692	0.927273228	0.105896765
330065.6831	0.927069929	0.106150784
329305.9219	0.926861553	0.106404216
328548.571	0.926647862	0.106657187
327793.6211	0.926428605	0.106909852
327038.9242	0.926203522	0.107162398
326287.6944	0.925972349	0.107415052
325536.7287	0.925734816	0.107668086
324788.1569	0.925490659	0.107921827
324040.9199	0.925239626	0.108176667
323296.0681	0.92498149	0.108433076
322552.5519	0.924716072	0.108691611
321810.3765	0.924443272	0.108952937
321070.5777	0.924163121	0.10921784
320332.1203	0.923875884	0.109487243
319595.0092	0.923582306	0.109762209
318860.2659	0.923284375	0.110043004
318126.869	0.922982426	0.110328191
317394.8233	0.922676265	0.110617706
316665.1361	0.922365983	0.110911527
315936.8	0.922051695	0.111209632
315209.8194	0.921733517	0.111512
314485.1877	0.921411555	0.11181861
313761.9112	0.92108591	0.112129442
313039.994	0.920756672	0.112444477
312320.4158	0.920423924	0.1127637
311602.1962	0.920087743	0.113087094
310885.3393	0.919748198	0.113414646
310169.849	0.919405352	0.113746341
309456.6869	0.919059264	0.114082168
308744.8903	0.918709986	0.114422116
308035.4118	0.918357567	0.114766174
307326.3529	0.918002051	0.115114335
306619.6108	0.91764348	0.115466589
305914.24	0.917281888	0.11582293
305211.1756	0.916917311	0.116183352
304508.5536	0.916549777	0.11654785
303808.2362	0.916179314	0.116916419
303110.2139	0.915805947	0.117289056
302412.6481	0.915429697	0.11766576
301717.3753	0.915050584	0.118046528
301023.4798	0.914668624	0.11843136
300330.9647	0.914283833	0.118820257
299639.8329	0.913896222	0.119213221
298950.981	0.913505802	0.119610254
298263.5098	0.913112582	0.120011359
297577.4222	0.912716568	0.120416541
296892.7208	0.912317766	0.120825805
296210.2856	0.911916177	0.121239158
295529.2338	0.911511804	0.121656608
294849.5678	0.911104647	0.122078162
294171.2901	0.910694703	0.12250383
293494.4031	0.91028197	0.122933623
292819.7665	0.909866443	0.123367553
292146.5173	0.909448116	0.123805633
291473.8082	0.909026981	0.124247876
290804.1899	0.908603031	0.124694297
290135.1159	0.908176254	0.125144913
289467.4378	0.907746639	0.125599741
288801.9916	0.907314175	0.1260588
288137.9374	0.906878848	0.12652211
287475.2771	0.906440643	0.126989691
286814.0126	0.905999544	0.127461566
286154.1455	0.905555535	0.127937759
285495.6776	0.905108598	0.128418294
284839.4218	0.904658713	0.128903198
284184.5608	0.904205862	0.129392499
283531.0963	0.903750024	0.129886226
282878.2294	0.903291176	0.130384408
282228.3623	0.902829296	0.130887079
281579.0956	0.902364362	0.131394272
280931.2308	0.901896348	0.131906021
280285.5549	0.90142523	0.132422363
279640.4942	0.900950983	0.132943337
278997.6174	0.90047358	0.133468981
278355.3652	0.899992993	0.133999337
277715.2918	0.899509195	0.134534449
277076.62	0.899022157	0.13507436
276439.3506	0.898531851	0.135619117
275803.4845	0.898038246	0.136168769
275169.0226	0.897541313	0.136723366
274536.7193	0.897041021	0.137282958
273905.0645	0.896537338	0.137847601
273274.8161	0.896030233	0.138417349
272646.718	0.895519673	0.138992261
272019.2807	0.895005627	0.139572395
271393.9881	0.894488062	0.140157814
270770.0972	0.893966943	0.140748581
270146.8789	0.893442238	0.141344762
269525.7963	0.892913914	0.141946425
268906.1168	0.892381935	0.14255364
268287.1209	0.891846269	0.143166479
267670.2517	0.89130688	0.143785017
267054.7863	0.890763736	0.144409331
266440.7249	0.8902168	0.1450395
265827.3611	0.88966604	0.145675607
265216.1113	0.889111421	0.146317734
264606.2659	0.888552909	0.146965969
263997.8247	0.887990469	0.147620401
263390.7876	0.887424069	0.148281122
262784.4642	0.886853674	0.148948226
262180.2384	0.886279252	0.14962181
261577.4165	0.88570077	0.150301974
260975.998	0.885118196	0.150988821
260375.305	0.884531497	0.151682455
259776.696	0.883940643	0.152382985
259179.4896	0.883345603	0.153090523
258583.0168	0.882746348	0.153805182
257988.6175	0.882142848	0.154527078
257394.9571	0.881535074	0.155256333
256802.7036	0.880923001	0.15599307
256212.5129	0.880306601	0.156737414
255623.0684	0.87968585	0.157489496
255035.0291	0.879060723	0.158249447
254448.394	0.878431198	0.159017405
253863.1627	0.877797254	0.159793507
253279.3342	0.877158871	0.160577898
252696.9077	0.87651603	0.161370722
252115.8825	0.875868716	0.162172129
251536.2577	0.875216913	0.162982273
250957.4025	0.874560608	0.16380131
250380.5785	0.873899791	0.1646294
249804.528	0.873234453	0.165466706
249229.8797	0.872564587	0.166313396
248656.6325	0.871890189	0.16716964
248084.7855	0.871211258	0.168035614
247514.3373	0.870527795	0.168911496
246944.677	0.869839803	0.169797468
246377.0258	0.869147289	0.170693716
245810.1657	0.868450263	0.171600429
245244.7052	0.867748738	0.172517802
244680.6428	0.86704273	0.173446032
244117.9773	0.866332259	0.174385319
243556.7073	0.865617348	0.17533587
242996.8313	0.864898026	0.176297893
242437.7602	0.864174323	0.177271602
241880.0855	0.863446275	0.178257213
241323.8059	0.862713923	0.179254946
240768.9196	0.861977311	0.180265028
240214.8482	0.861236488	0.181287685
239662.7466	0.86049151	0.182323151
239111.4618	0.859742436	0.183371661
238561.5692	0.858989332	0.184433456
238012.5004	0.858232267	0.185508779
237465.3894	0.85747132	0.186597878
236919.104	0.856706572	0.187701003
236374.2087	0.855938113	0.188818409
235830.7019	0.855166039	0.189950354
235288.0278	0.854390453	0.1910971
234747.2945	0.853611463	0.192258911
234207.3953	0.852829187	0.193436056
233668.3358	0.85204375	0.194628806
233131.2086	0.851255283	0.195837435
232594.922	0.850463928	0.197062221
232060.02	0.849669833	0.198303442
231525.9645	0.848873155	0.199561382
230993.8278	0.848074062	0.200836326
230462.5383	0.847272728	0.20212856
229932.6297	0.84646934	0.203438373
229403.5736	0.845664092	0.204766058
228875.8989	0.844857188	0.206111906
228349.6032	0.844048845	0.20747621
227824.1653	0.843239288	0.208859268
227300.6233	0.842428755	0.210261373
226777.4248	0.841617493	0.211682822
226256.1174	0.840805762	0.213123913
225735.6726	0.839993834	0.21458494
225216.6021	0.839181992	0.216066202
224698.3986	0.838370532	0.217567991
224181.5691	0.837559763	0.219090603
223666.1112	0.836750006	0.22063433
223151.5243	0.835941595	0.222199461
222638.3085	0.835134878	0.223786284
222126.461	0.834330218	0.225395084
221615.4883	0.833527989	0.227026141
221105.8832	0.832728581	0.228679732
220597.1565	0.831932397	0.23035613
220089.7966	0.831139856	0.232055602
219583.8009	0.830351391	0.233778408
219078.6865	0.829567449	0.235524803
218574.9351	0.828788493	0.237295035
218072.0685	0.828015	0.239089344
217570.5636	0.827247463	0.24090796
217069.9464	0.826486389	0.242751107
216570.6898	0.825732301	0.244618996
216072.7906	0.824985738	0.246511828
215575.7814	0.824247252	0.248429794
215080.1281	0.823517411	0.250373071
214585.3674	0.8227968	0.252341824
214091.9611	0.822086014	0.254336203
213599.4498	0.821385668	0.256356344
213108.291	0.820696387	0.258402366
212618.0296	0.820018813	0.260474373
212129.1188	0.819353599	0.262572451
211641.1075	0.818701414	0.264696667
211154.4447	0.818062939	0.266847069
210668.6835	0.817438866	0.269023684
210184.2685	0.8168299	0.271226519
209700.757	0.816236758	0.273455559
209218.5895	0.815660167	0.275710764
208737.327	0.815100863	0.277992072
208257.4062	0.814559591	0.280299396
207778.3919	0.814037106	0.282632623
207300.2869	0.813534169	0.284991612
206823.5216	0.813051548	0.287376197
206348.0927	0.812590014	0.289786182
205873.1492	0.812150346	0.292221343
205399.9651	0.811733322	0.294681427
204927.2713	0.811339725	0.297166148
204456.3302	0.810970336	0.299675192
203985.8842	0.810625936	0.302208212
203516.7698	0.810307305	0.304764829
203048.5712	0.810015217	0.307344632
202581.7012	0.80975044	0.309947176
202115.7476	0.809513738	0.312571984
201650.7127	0.809305864	0.315218544
201187.0033	0.809127562	0.317886312
200724.213	0.808979562	0.32057471
200262.7447	0.808862583	0.323283126
199802.1958	0.808777325	0.326010915
199342.5682	0.808724473	0.328757397
198884.2593	0.808704691	0.331521861
198426.8718	0.808718625	0.334303563
197970.4074	0.808766893	0.337101727
197514.8679	0.808850092	0.339915545
197060.6434	0.80896879	0.342744181
196607.3437	0.809123528	0.345586767
196155.355	0.809314815	0.348442408
195704.2908	0.809543128	0.351310179
195254.1526	0.809808911	0.354189132
194804.9418	0.81011257	0.357078294
194357.0378	0.810454476	0.359976667
193910.0606	0.81083496	0.362883232
193464.0118	0.811254311	0.365796952
193018.8927	0.811712777	0.36871677
192575.0754	0.812210563	0.371641614
192132.1869	0.812747828	0.374570397
191690.2286	0.813324686	0.377502022
191249.5673	0.813941204	0.380435381
190809.471	0.8145974	0.38336936
190370.6707	0.815293244	0.38630284
189932.8018	0.816028656	0.389234699
189495.8652	0.816803506	0.392163818
189060.2195	0.817617613	0.395089079
188625.5048	0.818470747	0.39800937
188191.7222	0.819362625	0.400923589
187758.8725	0.820292914	0.403830644
187326.9567	0.82126123	0.40672946
186895.9756	0.822267139	0.409618976
186466.2776	0.823310157	0.412498153
186037.5126	0.824389751	0.415365976
185609.3369	0.82550534	0.418221455
185182.4417	0.826656296	0.421063628
184756.8231	0.827841945	0.423891567
184331.7972	0.829061568	0.426704378
183907.7078	0.830314405	0.429501202
183484.8919	0.831599655	0.432281225
183062.6752	0.832916476	0.435043671
182641.73	0.834263991	0.437787813
182221.7201	0.83564129	0.44051297
181802.646	0.83704743	0.443218513
181384.5079	0.838481439	0.445903864
180967.3064	0.839942319	0.448568502
180551.0418	0.841429051	0.451211962
180135.7142	0.842940595	0.453833837
179721.6471	0.844475897	0.456433782
179308.1931	0.84603389	0.459011515
178895.677	0.847613499	0.461566816
178484.4174	0.849213646	0.464099531
178073.776	0.850833253	0.466609571
177664.3884	0.852471248	0.469096917
177255.6221	0.854126567	0.471561613
176848.1069	0.855798164	0.474003775
176441.216	0.857485011	0.476423583
176035.5733	0.859186107	0.478821287
175630.5576	0.860900482	0.481197205
175226.7873	0.862627205	0.483551718
174823.6466	0.864365391	0.485885274
174421.4441	0.866114202	0.488198384
174020.4822	0.867872865	0.49049162
173620.1538	0.869640671	0.492765612
173220.7629	0.871416989	0.495021043
172822.3093	0.873201275	0.49725865
172425.0899	0.874993082	0.499479211
172028.5086	0.876792076	0.501683547
171632.8636	0.878598048	0.503872506
171237.8614	0.880410937	0.506046959
170844.0894	0.882230848	0.508207781
170451.2526	0.88405809	0.510355839
170059.0615	0.885893211	0.512491964
169668.0953	0.887737061	0.514616915
169277.7764	0.889590888	0.516731324
168888.3935	0.891456502	0.518835597
168500.23	0.893336608	0.520929716
168112.4336	0.895235735	0.523012695
167725.8554	0.897163474	0.525076292
167340.211	0.899108391	0.527101182
166955.2209	0.901056748	0.529091834
166571.1659	0.903003716	0.531052401
166188.0451	0.904946206	0.53298612
165805.8579	0.906881957	0.534895836
165424.6036	0.908809222	0.536784181
165044.2814	0.910726621	0.538653658
164664.6193	0.912633059	0.540506686
164285.8903	0.914527678	0.542345624
163908.0935	0.916409826	0.544172787
163530.9605	0.918279034	0.545990454
163155.0266	0.920135004	0.547800876
162779.7574	0.921977594	0.549606279
162405.1554	0.923806816	0.551408861
162031.7485	0.925622825	0.553210798
161659.0094	0.92742592	0.555014238
161287.2009	0.929216537	0.556821301
160916.3219	0.930995246	0.558634078
160546.1137	0.932762754	0.560454624
160177.0918	0.934519898	0.56228496
159808.4855	0.936267649	0.564127064
159441.0634	0.938007105	0.565982867
159074.3147	0.939739499	0.567854253
158708.4938	0.94146619	0.569743049
158343.3486	0.943188666	0.571651022
157979.3805	0.944908546	0.573579871
157615.8398	0.946627573	0.575531225
157253.4737	0.948347621	0.57750663
156891.7855	0.950070688	0.579507549
156531.0221	0.951798897	0.581535351
156170.9385	0.953534494	0.583591302
155811.7794	0.955279849	0.585676562
155453.3018	0.95703745	0.587792172
155095.7484	0.958809903	0.589939046
154739.1176	0.96059993	0.592117964
154383.1698	0.962410362	0.594329562
154028.144	0.964244138	0.59657432
153673.8028	0.966104298	0.598852554
153320.3829	0.967993981	0.601164405
152967.8829	0.969916415	0.603509828
152616.0683	0.971874912	0.605888583
152264.941	0.973872858	0.60830022
151914.7333	0.975913706	0.610744072
151565.4437	0.978000964	0.61321924
151216.8419	0.980138185	0.615724585
150868.9296	0.982328952	0.618258715
150522.1614	0.984576865	0.620819977
150175.8559	0.986885527	0.623406441
149830.4668	0.989258523	0.626015897
149485.769	0.991699406	0.628645839
149141.9862	0.994211672	0.631293464
148799.1167	0.996798743	0.633955656
148456.7182	0.99946394	0.636628988
148115.453	1.002210458	0.639309713
147774.6614	1.005041342	0.641993762
147434.7822	1.007959456	0.644676742
147095.8138	1.010967456	0.64735394
146757.5389	1.014067757	0.650020322
146419.9588	1.017262501	0.652670546
146083.0745	1.020553527	0.655298962
145747.0996	1.023942333	0.657899635
145412.0323	1.027430045	0.660466353
145077.4496	1.031017382	0.662992649
144743.7746	1.034704621	0.665471827
144411.0053	1.038491568	0.667896988
144078.7246	1.042377519	0.670261059
143747.3497	1.046361237	0.672556834
143416.8784	1.050440919	0.674777012
143086.8995	1.054614172	0.676914243
142757.8242	1.058877994	0.678961172
142429.6504	1.063228754	0.680910499
142101.9724	1.067662178	0.682755031
141775.1956	1.072173344	0.68448774
141449.1179	1.076756679	0.68610183
141123.7401	1.081405962	0.687590795
140799.2611	1.086114338	0.68894849
140475.2841	1.090874337	0.690169194
140152.2053	1.095677897	0.691247674
139830.0226	1.1005164	0.692179253
139508.3447	1.105380715	0.692959872
139187.5622	1.110261244	0.693586144
138867.2873	1.115147981	0.694055412
138547.9071	1.120030576	0.694365798
138229.2283	1.124898401	0.694516244
137911.4415	1.12974063	0.694506545
137594.166	1.134546317	0.69433738
137277.7816	1.139304479	0.694010328
136962.0985	1.144004181	0.693527876
136646.9303	1.148634628	0.692893418
136332.6517	1.153185245	0.692111246
136019.2603	1.157645769	0.691186525
135706.3857	1.162006329	0.690125268
135394.2138	1.166257523	0.688934292
135082.7449	1.170390497	0.687621173
134772.1609	1.174397007	0.686194187
134462.0978	1.178269484	0.684662251
134152.9182	1.182001082	0.683034852
133844.4406	1.185585727	0.681321978
133536.4868	1.189018147	0.679534037
133229.4144	1.192293902	0.677681783
132923.0442	1.195409402	0.675776237
132617.2005	1.198361909	0.673828605
132312.2357	1.201149546	0.671850208
132007.9733	1.203771282	0.669852399
131704.4132	1.206226919	0.6678465
131401.3826	1.208517073	0.66584373
131099.2277	1.210643141	0.663855145
130797.7749	1.212607275	0.661891584
130496.8537	1.21441234	0.659963609
130196.8055	1.216061881	0.658081471
129897.2902	1.217560075	0.656255062
129598.478	1.218911693	0.654493883
129300.5358	1.220122056	0.652807017
129003.1283	1.221196987	0.651203107
128706.4232	1.222142777	0.649690331
128410.4202	1.222966136	0.648276395
128115.1191	1.223674156	0.646968521
127820.3562	1.224274274	0.64577344
127526.4586	1.224774237	0.644697385
127233.0999	1.225182066	0.643746099
126940.4434	1.22550603	0.642924825
126648.4884	1.225754615	0.642238316
126357.2346	1.225936501	0.641690836
126066.6817	1.226060538	0.641286163
125776.6709	1.226135726	0.641027592
125487.3615	1.226171198	0.640917943
125198.753	1.226176203	0.640959557
124910.8449	1.226160091	0.641154305
124623.4813	1.226132302	0.641503584
124336.9731	1.226102352	0.642008317
124051.0098	1.226079822	0.642668954
123765.5929	1.226074346	0.643485463
123481.029	1.226095602	0.644457328
123197.0117	1.2261533	0.645583542
122913.6937	1.226257168	0.646862592
122630.9238	1.22641694	0.648292455
122348.8533	1.226642338	0.64987058
122067.4813	1.226943058	0.651593875
121786.8073	1.227328747	0.653458692
121506.6829	1.227808984	0.655460813
121227.2563	1.228393249	0.657595425
120948.3804	1.229090898	0.65985711
120670.2023	1.229911125	0.662239826
120392.7211	1.230862928	0.664736887
120115.7916	1.231955067	0.66734095
119839.5588	1.233196015	0.670044002
119563.8788	1.234593905	0.672837349
119288.895	1.236156481	0.675711605
119014.6067	1.237891028	0.678656693
118740.8718	1.239804313	0.681661844
118467.6915	1.241902512	0.684715606
118195.3462	1.244191139	0.687805856
117923.4158	1.246674966	0.690919824
117652.1802	1.249357946	0.694044122
117381.6382	1.252243127	0.697164786
117111.6519	1.255332579	0.700267326
116842.3586	1.258627301	0.703336785
116573.6215	1.26212715	0.706357816
116305.4414	1.26583076	0.709314764
116037.9537	1.269735473	0.712191768
115771.1575	1.273837275	0.714972865
115504.7848	1.27813074	0.71764212
115239.2367	1.282608985	0.720183753
114974.1136	1.287263645	0.722582289
114709.6813	1.292084852	0.724822708
114445.8076	1.29706124	0.726890611
114182.6237	1.302179967	0.728772385
113919.9985	1.307426756	0.730455374
113658.062	1.31278596	0.731928052
113396.6843	1.318240651	0.733180187
113135.866	1.323772727	0.73420301
112875.6077	1.329363049	0.734989363
112616.0367	1.334991594	0.735533836
112357.0257	1.340637633	0.735832897
112098.575	1.346279925	0.735884983
111840.8103	1.351896927	0.735690588
111583.4812	1.357467021	0.735252305
111326.9617	1.362968736	0.734574859
111070.8788	1.368380995	0.733665093
110815.3572	1.37368334	0.732531932
110560.5197	1.378856166	0.731186321
110306.2432	1.383880943	0.729641121
110052.5281	1.388740414	0.727910991
109799.4951	1.393418793	0.726012234
109546.9031	1.397901923	0.72396263
109294.9926	1.40217742	0.721781246
109043.6436	1.406234789	0.719488232
108792.7379	1.410065511	0.717104613
108542.6307	1.413663102	0.714652067
108292.9671	1.417023144	0.712152714
108043.8658	1.420143292	0.709628897
107795.3269	1.423023252	0.707102977
107547.4661	1.425664739	0.704597137
107300.0517	1.428071416	0.7021332
107053.3147	1.430248813	0.699732456
106807.1394	1.432204235	0.697415517
106561.4124	1.433946657	0.695202176
106316.3613	1.435486617	0.693111293
106071.8722	1.436836094	0.691160694
105827.9449	1.438008398	0.689367083
105584.4681	1.439018047	0.68774598
105341.6652	1.439880654	0.686311659
105099.4241	1.440612819	0.685077106
104857.6348	1.441232019	0.684053986
104616.5177	1.44175651	0.683252616
104375.8533	1.442205234	0.682681947
104135.8598	1.442597729	0.682349549
103896.3198	1.442954052	0.682261597
103657.342	1.443294697	0.682422863
103418.9263	1.443640531	0.682836705
103181.0725	1.444012718	0.683505052
102943.7803	1.444432663	0.684428392
102707.0497	1.444921939	0.685605756
102470.7753	1.445502229	0.687034695
102235.1675	1.446195261	0.688711255
102000.0163	1.447022732	0.690629956
101765.4266	1.448006241	0.692783754
101531.295	1.449167207	0.695164012
101297.8278	1.450526781	0.697760464
101064.8189	1.452105747	0.700561183
100832.3712	1.453924422	0.70355254
100600.4843	1.456002531	0.706719182
100369.1578	1.458359079	0.710043996
100138.291	1.461012212	0.713508096
99908.08456	1.463979055	0.717090806
99678.03993	1.467275547	0.720769664
99449.05225	1.47091626	0.724520435
99220.12978	1.474914201	0.728317143
98992.25881	1.479280613	0.732132125
98764.45665	1.484024756	0.735936101
98536.72957	1.489153691	0.739698282
98311.01673	1.494672058	0.743386496
98084.41144	1.500581844	0.746967349
97858.8484	1.50688217	0.750406427
97633.36718	1.513569079	0.753668518
97408.92266	1.520635333	0.75671789
97185.5077	1.528070245	0.759518589
96961.2349	1.535859521	0.762034786
96738.93065	1.54398515	0.764231156
96515.78033	1.552425324	0.766073282
96294.58439	1.561154416	0.767528099
96072.55399	1.570143004	0.768564352
95851.54513	1.579357962	0.769153069
95631.55076	1.588762612	0.769268043
95411.65358	1.598316952	0.76888631
95191.85919	1.607977951	0.767988605
94973.07513	1.617699915	0.766559796
94754.3966	1.627434926	0.764589272
94536.72279	1.637133339	0.762071282
94319.15716	1.646744339	0.759005205
94102.59064	1.656216541	0.755395739
93886.1349	1.665498622	0.751253015
93669.79524	1.674539971	0.746592614
93454.4503	1.683291335	0.741435485
93239.22388	1.691705458	0.73580778
93024.98651	1.699737677	0.729740591
92810.87001	1.707346477	0.723269604
92597.73691	1.71449398	0.716434692
92384.72696	1.721146354	0.709279433
92171.84519	1.727274155	0.701850604
91959.94225	1.732852561	0.694197633
91749.0114	1.737861536	0.686372056
91537.37013	1.742285894	0.678426975
91327.53708	1.746115289	0.670416548
91117.00334	1.749344135	0.662395515
90907.43805	1.751971462	0.654418776
90698.83452	1.754000723	0.646541039
90489.54846	1.755439585	0.63881653
90282.0411	1.756299681	0.631298778
90073.86057	1.75659639	0.624040479
89866.63791	1.756348611	0.617093433
89660.36653	1.75557859	0.61050855
89454.23968	1.75431179	0.604335922
89248.26189	1.752576826	0.598624954
89043.23049	1.750405494	0.593424538
88838.34974	1.74783289	0.588783265
88633.62405	1.744897654	0.584749655
88429.83977	1.741642351	0.581372385
88226.9904	1.738114006	0.578700493
88023.51988	1.734364814	0.576783527
87820.9857	1.730453052	0.575671602
87619.38141	1.726444208	0.575415305
87417.93641	1.722412343	0.576065392
87216.65489	1.718441701	0.577672188
87016.29815	1.71462856	0.580284576
86816.10612	1.711083302	0.583948445
86616.08287	1.707932639	0.588704426
86416.97921	1.705321867	0.594584718
86218.7888	1.703416953	0.601608779
86020.02546	1.702406143	0.609777673
85822.17645	1.702500595	0.619066863
85625.23547	1.703933405	0.629417371
85427.73668	1.706956153	0.640725406
85231.14687	1.711831911	0.6528309
85035.45979	1.718823586	0.665505913
84839.94944	1.728176554	0.678444531
84644.61956	1.740095021	0.69125675
84450.18706	1.754712533	0.703469557
84255.93583	1.772058668	0.714538918
84061.86954	1.792026158	0.723875957
83868.69517	1.814345009	0.730888941
83675.70643	1.83857185	0.73503931
83483.60382	1.864102493	0.735905246
83291.68749	1.890212336	0.733241439
83099.96094	1.916122761	0.727020889
82908.42764	1.941083534	0.717446145
82717.77522	1.964454743	0.704924014
82527.99762	1.985770286	0.690007707
82337.73291	2.004769814	0.673319567
82148.34348	2.021395243	0.655471983
81959.82329	2.035757509	0.637002335
81770.82907	2.048085331	0.618331506
81583.37005	2.058669041	0.599747959
81395.44348	2.067809919	0.581413552
81208.3807	2.075781315	0.563384319
81021.51932	2.082803759	0.54563907
80834.86246	2.089033408	0.528109811
80649.06366	2.094561585	0.510709684
80463.46958	2.09942245	0.493355781
80278.72774	2.103605827	0.475985497
80094.19077	2.107072416	0.458566186
79909.86168	2.109769055	0.441098621
79725.74344	2.111642253	0.423615344
79542.4717	2.112648796	0.406175311
79359.41084	2.112762886	0.38885637
79177.19063	2.11197979	0.371746964
78995.18129	2.110316446	0.354938246
78813.38567	2.107809712	0.338517383
78632.42487	2.104513055	0.322562503
78451.06223	2.100492439	0.307139383
78271.14691	2.095822049	0.292299762
78090.83526	2.090580282	0.278080976
77911.35246	2.084846315	0.264506623
77732.08858	2.078697359	0.251587875
77553.04628	2.072206629	0.23932518
77374.82687	2.065441975	0.227710109
77196.82875	2.058465072	0.216727179
77019.64771	2.051331062	0.206355544
76842.09717	2.044088537	0.196570501
76665.36336	2.036779771	0.187344766
76489.44063	2.029441105	0.178649537
76313.15868	2.022103428	0.170455341
76137.68739	2.014792714	0.162732702
75962.44417	2.007530554	0.155452643
75788.00579	2.000334688	0.148587053
75613.79498	1.993219498	0.142108946
75439.81412	1.986196461	0.135992628
75266.06554	1.979274569	0.130213802
75093.11546	1.972460693	0.124749609
74920.39708	1.96575991	0.119578639
74747.91266	1.959175787	0.114680906
74576.22063	1.952710627	0.110037804
74404.7619	1.946365684	0.105632053
74233.53871	1.940141344	0.101447627
74062.55323	1.93403728	0.097469686
73892.35362	1.928052589	0.093684502
73722.39096	1.922185898	0.090079381
73553.20839	1.916435466	0.086642595
73383.72349	1.910799256	0.083363307
73215.01786	1.90527501	0.080231509
73046.55257	1.899860299	0.077237954
72878.86076	1.894552571	0.074374101
72710.87973	1.889349193	0.071632055
72543.67129	1.884247478	0.069004518
72376.70628	1.879244716	0.066484743
72210.50807	1.874338193	0.064066484
72044.55235	1.869525206	0.061743961
71878.84103	1.864803084	0.05951182
71713.37598	1.860169194	0.057365099
71548.67098	1.85562095	0.055299198
71383.70167	1.851155823	0.053309848
71219.49135	1.846771342	0.051393084
71056.03479	1.842465103	0.049545225
70892.32165	1.838234768	0.047762847
70729.36117	1.834078066	0.046042765
70566.6502	1.8299928	0.044382015
70404.68614	1.82597684	0.042777836
70242.47703	1.822028126	0.041227655
70081.01365	1.818144669	0.039729072
69919.80199	1.81432455	0.038279848
69758.84368	1.810565914	0.036877891
69598.62473	1.806866974	0.035521248
69438.65789	1.80322601	0.034208094
69278.94474	1.799641362	0.03293672
69119.48686	1.796111432	0.031705528
68960.28577	1.792634683	0.030513022
68801.81637	1.789209636	0.029357801
68643.60242	1.785834865	0.028238552
68485.64541	1.782509003	0.027154043
68328.41369	1.779230731	0.02610312
68170.9728	1.775998784	0.0250847
68014.25579	1.772811944	0.024097766
67857.7972	1.769669041	0.023141363
67701.59843	1.76656895	0.022214595
67546.11711	1.76351059	0.021316621
67390.89414	1.760492921	0.02044665
67235.93088	1.757514946	0.01960394
67081.22866	1.754575703	0.018787793
66926.78879	1.75167427	0.017997555
66773.05841	1.748809759	0.017232611
66619.14501	1.745981317	0.016492387
66465.93953	1.74318812	0.015776344
66313.43709	1.740429379	0.015083979
66160.75741	1.737704332	0.014414825
66008.34345	1.735012245	0.013768448
65856.63012	1.73235241	0.013144449
65705.18085	1.729724147	0.012542463
65553.99683	1.727126799	0.011962162
65403.50694	1.724559737	0.011403255
65252.85481	1.722022355	0.010865486
65102.89513	1.719514076	0.010348644
64953.20122	1.717034351	0.009852559
64803.77417	1.714582667	0.009377107
64654.61505	1.712158546	0.00892221
64506.14098	1.709761553	0.008487843
64357.51889	1.707391306	0.00807403
64209.58007	1.705047482	0.007680845
64061.90943	1.702729827	0.007308414
63914.50795	1.700438171	0.006956909
63767.78324	1.698172436	0.006626543
63620.9211	1.695932652	0.006317564
63474.73388	1.69371897	0.006030241
63328.81588	1.691531673	0.005764851
63183.168	1.689371192	0.005521666
63037.79116	1.68723811	0.005300928
62892.68621	1.685133183	0.005102834
62747.85402	1.683057339	0.004927507
62603.68736	1.681011699	0.004774978
62459.79151	1.678997593	0.004645161
62316.16731	1.677016594	0.004537835
62172.81556	1.67507061	0.004452622
62029.73706	1.673162114	0.004388983
61886.93257	1.671295207	0.004346198
61744.78411	1.669476322	0.004316323
61602.90766	1.667699856	0.00429176
61460.92622	1.665962825	0.004271262
61319.59774	1.664263585	0.004253455
61178.54346	1.662600824	0.004236883
61038.13663	1.660973287	0.004220041
60897.63108	1.659379663	0.004201421
60757.40177	1.657818521	0.004179558
60617.81679	1.656288292	0.004153076
60478.50594	1.654787256	0.004120737
60339.10577	1.653313563	0.004081475
60200.34675	1.651865251	0.004034437
60062.22446	1.65044028	0.003979008
59924.01635	1.649036577	0.003914829
59786.08539	1.647652077	0.003841803
59648.43214	1.646284769	0.003760097
59511.41131	1.644932738	0.003670127
59374.66602	1.643594211	0.003572534
59237.84587	1.642267587	0.003468161
59101.65485	1.640951469	0.003358014
58965.7409	1.639644681	0.00324322
58830.10454	1.638346279	0.00312499
58694.74623	1.637055556	0.003004571
58560.00937	1.635772037	0.002883211
58425.20697	1.634495461	0.002762115
58290.68398	1.633225768	0.002642419
58156.77904	1.631963067	0.002525156
58023.15124	1.630707617	0.00241124
57889.46585	1.62945979	0.002301447
57756.39508	1.628220043	0.00219641
57623.60263	1.626988891	0.002096616
57491.08888	1.625766875	0.002002409
57358.8542	1.62455454	0.001913997
57226.89893	1.623352413	0.001831464
57095.22341	1.622160986	0.001754784
56963.82797	1.620980699	0.001683836
56833.03591	1.619811936	0.001618425
56702.20005	1.618655015	0.001558289
56571.9652	1.617510183	0.001503127
56441.69009	1.616377624	0.001452604
56312.0136	1.615257452	0.001406368
56182.30033	1.614149724	0.001364064
56053.18326	1.613054438	0.001325338
55924.34555	1.611971545	0.00128985
55795.4761	1.610900953	0.001257277
55667.19922	1.609842534	0.001227316
55539.20235	1.608796134	0.001199691
55411.48569	1.607761573	0.001174149
55284.04945	1.606738658	0.001150465
55156.89378	1.605727183	0.001128437
55030.01888	1.604726935	0.001107888
54903.42488	1.603737699	0.001088666
54777.11193	1.602759258	0.001070635
54651.37885	1.601791399	0.00105368
54525.62704	1.600833912	0.001037703
54400.15667	1.599886591	0.001022619
54274.96784	1.59894924	0.001008355
54150.35387	1.598021665	0.00099485
54025.72705	1.597103683	0.000982051
53901.38203	1.596195115	0.000969912
53777.31888	1.595295791	0.000958394
53653.82552	1.594405547	0.000947464
53530.32493	1.593524226	0.000937091
53407.10635	1.592651676	0.000927248
53284.45373	1.591787752	0.000917913
53161.79793	1.590932314	0.000909064
53039.70552	1.590085226	0.000900681
52917.61257	1.589246358	0.000892746
52795.80168	1.588415584	0.000885242
52674.55029	1.587592781	0.000878154
52553.30219	1.586777832	0.000871466
52432.33607	1.585970621	0.000865164
52311.92555	1.585171037	0.000859235
52191.52201	1.584378971	0.000853664
52071.4003	1.583594318	0.00084844
51951.83026	1.582816973	0.000843549
51832.27077	1.582046837	0.00083898
51712.99289	1.581283811	0.000834721
51593.99652	1.5805278	0.000830761
51475.54654	1.579778708	0.000827088
51357.11168	1.579036446	0.000823691
51238.958	1.578300922	0.000820561
51121.0854	1.57757205	0.000817686
51003.49374	1.576849742	0.000815056
50886.18287	1.576133914	0.000812662
50769.15266	1.575424484	0.000810494
50652.40295	1.57472137	0.000808542
50535.93358	1.574024492	0.000806797
50419.74437	1.573333773	0.00080525
50303.83516	1.572649136	0.000803892
50187.95389	1.571970504	0.000802715
50072.60528	1.571297805	0.00080171
49957.53609	1.570630966	0.000800868
49842.49771	1.569969914	0.000800182
49727.98791	1.569314581	0.000799644
49613.51075	1.568664896	0.000799245
49499.31443	1.568020791	0.000798979
49385.64261	1.567382201	0.000798838
49272.00611	1.566749059	0.000798814
49158.64971	1.566121301	0.000798901
49045.57315	1.565498862	0.000799092
48932.77615	1.564881682	0.00079938
48820.25845	1.564269697	0.000799758
48708.01978	1.563662847	0.000800221
48596.05983	1.563061073	0.000800761
48484.14326	1.562464316	0.000801372
48372.74099	1.561872518	0.000802049
48261.38365	1.561285621	0.000802786
48150.53784	1.56070357	0.000803577
48039.73847	1.56012631	0.000804417
47929.21813	1.559553785	0.000805299
47818.97648	1.558985942	0.00080622
47709.01319	1.558422728	0.000807173
47599.3279	1.557864091	0.000808154
47489.69474	1.557309979	0.000809158
47380.56544	1.556760342	0.00081018
47271.48962	1.55621513	0.000811215
47162.91486	1.555674293	0.00081226
47054.39488	1.555137783	0.00081331
46946.15276	1.554605551	0.00081436
46838.18811	1.554077551	0.000815407
46730.50053	1.553553735	0.000816446
46623.08962	1.553034058	0.000817474
46515.7386	1.552518475	0.000818487
46408.8808	1.55200694	0.000819482
46302.08406	1.55149941	0.000820454
46195.5643	1.550995841	0.000821402
46089.3211	1.550496189	0.000822321
45983.35403	1.550000413	0.000823208
45877.45215	1.54950847	0.00082406
45772.03695	1.549020319	0.000824875
45666.68798	1.54853592	0.00082565
45561.82284	1.548055232	0.000826381
45457.02493	1.547578216	0.000827067
45352.29664	1.547104831	0.000827705
45248.04981	1.54663504	0.000828293
45144.07732	1.546168804	0.000828828
45040.17584	1.545706086	0.000829309
44936.54959	1.545246849	0.000829733
44833.19809	1.544791054	0.000830098
44730.12082	1.544338668	0.000830402
44627.31727	1.543889652	0.000830645
44524.5887	1.543443973	0.000830823
44422.13466	1.543001595	0.000830936
44319.95462	1.542562483	0.000830983
44218.04804	1.542126605	0.00083096
44116.41439	1.541693925	0.000830869
44014.85942	1.541264411	0.000830707
43913.77092	1.540838031	0.000830473
43812.76178	1.540414751	0.000830166
43712.02518	1.53999454	0.000829785
43611.37036	1.539577367	0.00082933
43511.17802	1.539163199	0.000828799
43411.06809	1.538752007	0.000828193
43311.23017	1.53834376	0.000827509
43211.66369	1.537938428	0.000826749
43112.18221	1.537535982	0.000825911
43012.97271	1.537136392	0.000824995
42914.03461	1.536739629	0.000824
42815.36729	1.536345665	0.000822927
42716.97017	1.535954471	0.000821775
42618.66101	1.535566021	0.000820544
42520.6225	1.535180286	0.000819235
42422.85404	1.53479724	0.000817846
42325.355	1.534416855	0.000816379
42227.94645	1.534039105	0.000814832
42130.80773	1.533663964	0.000813208
42033.9382	1.533291407	0.000811505
41937.33723	1.532921408	0.000809724
41840.82912	1.532553941	0.000807865
41744.5899	1.532188982	0.000805929
41648.61893	1.531826507	0.000803917
41552.7429	1.531466491	0.000801828
41457.13539	1.531108911	0.000799664
41361.79576	1.530753742	0.000797424
41266.72334	1.530400962	0.00079511
41171.74795	1.530050547	0.000792723
41077.20872	1.529702476	0.000790262
40982.59879	1.529356725	0.000787729
40888.42367	1.529013272	0.000785124
40794.34754	1.528672095	0.000782449
40700.53765	1.528333174	0.000779705
40606.99334	1.527996486	0.000776891
40513.54976	1.52766201	0.00077401
40420.37187	1.527329727	0.000771061
40327.45897	1.526999614	0.000768047
40234.64847	1.526671653	0.000764968
40142.10304	1.526345823	0.000761825
40049.82198	1.526022104	0.000758619
39957.6449	1.525700477	0.000755351
39865.73221	1.525380923	0.000752023
39774.08321	1.525063422	0.000748636
39682.53968	1.524747956	0.00074519
39591.25983	1.524434506	0.000741687
39500.24293	1.524123055	0.000738128
39409.48823	1.523813584	0.000734515
39318.84041	1.523506074	0.000730848
39228.30087	1.52320051	0.000727129
39138.17734	1.522896872	0.000723359
39048.162	1.522595145	0.000719539
38958.25623	1.522295311	0.000715671
38868.76351	1.521997353	0.000711756
38779.38023	1.521701255	0.000707795
38690.10771	1.521407001	0.000703789
38601.09627	1.521114575	0.00069974
38512.34513	1.52082396	0.000695649
38423.85353	1.52053514	0.000691517
38335.47373	1.520248102	0.000687346
38247.207	1.519962828	0.000683137
38159.3458	1.519679305	0.000678891
38071.4525	1.519397516	0.00067461
37983.96317	1.519117448	0.000670294
37896.58779	1.518839086	0.000665946
37809.47052	1.518562415	0.000661566
37722.46826	1.518287422	0.000657156
37635.72383	1.518014091	0.000652717
37549.09544	1.517742411	0.00064825
37462.72459	1.517472365	0.000643757
37376.61046	1.517203943	0.000639239
37290.61321	1.516937129	0.000634698
37204.87235	1.516671911	0.000630133
37119.38708	1.516408275	0.000625547
37034.01945	1.51614621	0.000620942
36948.77053	1.515885701	0.000616317
36863.77728	1.515626738	0.000611675
36779.03889	1.515369306	0.000607016
36694.41988	1.515113395	0.000602342
36610.05532	1.514858992	0.000597655
36525.81096	1.514606085	0.000592954
36441.82063	1.514354662	0.000588242
36357.9513	1.514104711	0.000583519
36274.33554	1.513856222	0.000578787
36190.97252	1.513609183	0.000574047
36107.73103	1.513363582	0.000569299
36024.74179	1.513119408	0.000564546
35941.8748	1.512876651	0.000559788
35859.13099	1.5126353	0.000555025
35776.63929	1.512395343	0.00055026
35694.39883	1.51215677	0.000545493
35612.28196	1.511919572	0.000540726
35530.41581	1.511683737	0.000535958
35448.67387	1.511449255	0.000531192
35367.18208	1.511216116	0.000526428
35285.8151	1.51098431	0.000521667
35204.69771	1.510753828	0.00051691
35123.70569	1.510524659	0.000512159
35042.96267	1.510296794	0.000507413
34962.34555	1.510070223	0.000502674
34881.85516	1.509844937	0.000497942
34801.73452	1.509620926	0.000493219
34721.61942	1.509398182	0.000488506
34641.75232	1.509176694	0.000483802
34562.13235	1.508956455	0.00047911
34482.63972	1.508737455	0.000474429
34403.27519	1.508519685	0.000469761
34324.15734	1.508303137	0.000465106
34245.28528	1.508087802	0.000460465
34166.42465	1.507873671	0.000455838
34087.9264	1.507660736	0.000451227
34009.44102	1.507448988	0.000446632
33931.31623	1.50723842	0.000442054
33853.20573	1.507029022	0.000437493
33775.33995	1.506820788	0.00043295
33697.71799	1.506613708	0.000428425
33620.22593	1.506407776	0.00042392
33542.86443	1.506202982	0.000419435
33465.74614	1.505999319	0.000414969
33388.75867	1.50579678	0.000410525
33311.90268	1.505595357	0.000406102
33235.28923	1.505395042	0.0004017
33158.91743	1.505195828	0.000397321
33082.67692	1.504997707	0.000392965
33006.56831	1.504800672	0.000388632
32930.59219	1.504604716	0.000384323
32854.8571	1.504409831	0.000380038
32779.36211	1.504216011	0.000375777
32703.89242	1.504023248	0.000371541
32628.76944	1.503831535	0.000367331
32553.67287	1.503640865	0.000363146
32478.81569	1.503451232	0.000358987
32404.09199	1.503262628	0.000354855
32329.60681	1.503075047	0.000350749
32255.25519	1.502888481	0.00034667
32181.03765	1.502702925	0.000342619
32107.05777	1.502518372	0.000338595
32033.21203	1.502334814	0.000334598
31959.50092	1.502152246	0.00033063
31886.02659	1.501970661	0.00032669
31812.6869	1.501790052	0.000322778
31739.48233	1.501610413	0.000318895
31666.51361	1.501431738	0.000315041
31593.68	1.50125402	0.000311216
31520.98194	1.501077252	0.00030742
31448.51877	1.500901428	0.000303654
31376.19112	1.500726541	0.000299917
31303.9994	1.500552585	0.00029621
31232.04158	1.500379552	0.000292532
31160.21962	1.500207434	0.000288885
31088.53393	1.500036223	0.000285267
31016.9849	1.499865906	0.00028168
30945.66869	1.499696444	0.000278122
30874.48903	1.499527881	0.000274719
30803.54118	1.499360273	0.000271345
30732.63529	1.499193578	0.000268001
30661.96108	1.499027783	0.000264685
30591.424	1.498862878	0.000261399
30521.11756	1.498698856	0.000258142
30450.85536	1.49853571	0.000254915
30380.82362	1.498373433	0.000251716
30311.02139	1.49821202	0.000248547
30241.26481	1.498051465	0.000245408
30171.73753	1.497891762	0.000242297
30102.34798	1.497732906	0.000239216
30033.09647	1.497574891	0.000236164
29963.98329	1.497417711	0.000233142
29895.0981	1.497261361	0.000230149
29826.35098	1.497105837	0.000227185
29757.74222	1.496951132	0.00022425
29689.27208	1.496797242	0.000221345
29621.02856	1.496644162	0.000218468
29552.92338	1.496491887	0.000215621
29484.95678	1.496340411	0.000212802
29417.12901	1.49618973	0.000210012
29349.44031	1.496039839	0.000207251
29281.97665	1.495890733	0.000204519
29214.65173	1.495742408	0.000201815
29147.38082	1.495594858	0.00019914
29080.41899	1.495448079	0.000196494
29013.51159	1.495302066	0.000193875
28946.74378	1.495156815	0.000191285
28880.19916	1.495012321	0.000188722
28813.79374	1.494868579	0.000186188
28747.52771	1.494725585	0.000183681
28681.40126	1.494583335	0.000181202
28615.41455	1.494441823	0.00017875
28549.56776	1.494301046	0.000176326
28483.94218	1.494160999	0.000173929
28418.45608	1.494021678	0.000171559
28353.10963	1.493883078	0.000169216
28287.82294	1.493745196	0.0001669
28222.83623	1.493608026	0.00016461
28157.90956	1.493471565	0.000162347
28093.12308	1.493335808	0.00016011
28028.55549	1.493200752	0.000157899
27964.04942	1.493066391	0.000155714
27899.76174	1.492932723	0.000153555
27835.53652	1.492799742	0.000151421
27771.52918	1.492667445	0.000149312
27707.662	1.492535828	0.000147229
27643.93506	1.492404887	0.000145171
27580.34845	1.492274617	0.000143137
27516.90226	1.492145015	0.000141129
27453.67193	1.492016077	0.000139144
27390.50645	1.491887799	0.000137184
27327.48161	1.491760176	0.000135248
27264.6718	1.491633206	0.000133336
27201.92807	1.491506884	0.000131447
27139.39881	1.491381207	0.000129582
27077.00972	1.491256171	0.000127741
27014.68789	1.491131771	0.000125922
26952.57963	1.491008005	0.000124126
26890.61168	1.490884868	0.000122353
26828.71209	1.490762357	0.000120602
26767.02517	1.490640468	0.000118874
26705.47863	1.490519197	0.000117168
26644.07249	1.490398541	0.000115483
26582.73611	1.490278497	0.00011382
26521.61113	1.49015906	0.000112179
26460.62659	1.490040228	0.000110559
26399.78247	1.489921996	0.00010896
26339.07876	1.489804361	0.000107382
26278.44642	1.48968732	0.000105824
26218.02384	1.489570868	0.000104287
26157.74165	1.489455004	0.00010277
26097.5998	1.489339722	0.000101273
26037.5305	1.489225021	9.979626224867e-05
25977.6696	1.489110896	9.833889251083e-05
25917.94896	1.488997344	9.690094955035e-05
25858.30168	1.488884361	9.548223146293e-05
25798.86175	1.488771946	9.408253682639e-05
25739.49571	1.488660093	9.270166475182e-05
25680.27036	1.4885488	9.13394149333e-05
25621.25129	1.488438063	8.999558769589e-05
25562.30684	1.48832788	8.86699840416e-05
25503.50291	1.488218247	8.736240569403e-05
25444.8394	1.488109161	8.60726551412e-05
25386.31627	1.488000618	8.480053567684e-05
25327.93342	1.487892616	8.354585143998e-05
25269.69077	1.487785151	8.230840745317e-05
25211.58825	1.487678221	8.108800965889e-05
25153.62577	1.487571822	7.988446495498e-05
25095.74025	1.48746595	7.869758122798e-05
25038.05785	1.487360604	7.752716738557e-05
24980.4528	1.487255779	7.637303338746e-05
24922.98797	1.487151473	7.52349902747e-05
24865.66325	1.487047683	7.411285019798e-05
24808.47855	1.486944406	7.300642644455e-05
24751.43373	1.486841639	7.191553346369e-05
24694.4677	1.486739378	7.083998689114e-05
24637.70258	1.486637621	6.977960357218e-05
24581.01657	1.486536366	6.873420158375e-05
24524.47052	1.486435608	6.770360025512e-05
24468.06428	1.486335346	6.668762018763e-05
24411.79773	1.486235575	6.568608327329e-05
24355.67073	1.486136294	6.469881271231e-05
24299.68313	1.4860375	6.372563302959e-05
24243.77602	1.485939189	6.276637009009e-05
24188.00855	1.485841359	6.182085111349e-05
24132.38059	1.485744008	6.088890468751e-05
24076.89196	1.485647131	5.997036078063e-05
24021.48482	1.485550727	5.906505075366e-05
23966.27466	1.485454793	5.817280737059e-05
23911.14618	1.485359326	5.729346480844e-05
23856.15692	1.485264323	5.64268586664e-05
23801.25004	1.485169781	5.557282597398e-05
23746.53894	1.485075699	5.473120519859e-05
23691.9104	1.484982073	5.390183625223e-05
23637.42087	1.4848889	5.308456049734e-05
23583.07019	1.484796179	5.227922075211e-05
23528.80278	1.484703905	5.148566129501e-05
23474.72945	1.484612077	5.070372786854e-05
23420.73953	1.484520693	4.993326768262e-05
23366.83358	1.484429749	4.91741294168e-05
23313.12086	1.484339242	4.842616322251e-05
23259.4922	1.484249171	4.768922072422e-05
23206.002	1.484159533	4.696315502016e-05
23152.59645	1.484070326	4.624782068258e-05
23099.38278	1.483981546	4.554307375735e-05
23046.25383	1.483893191	4.484877176312e-05
22993.26297	1.483805259	4.416477368981e-05
22940.35736	1.483717747	4.349093999684e-05
22887.58989	1.483630654	4.282713261074e-05
22834.96032	1.483543976	4.217321492235e-05
22782.41653	1.48345771	4.152905178353e-05
22730.06233	1.483371856	4.089450950355e-05
22677.74248	1.483286409	4.026945584498e-05
22625.61174	1.483201369	3.965376001925e-05
22573.56726	1.483116731	3.904729268171e-05
22521.66021	1.483032495	3.844992592659e-05
22469.83986	1.482948658	3.786153328129e-05
22418.15691	1.482865217	3.728198970059e-05
22366.61112	1.48278217	3.67111715604e-05
22315.15243	1.482699515	3.614895665127e-05
22263.83085	1.482617249	3.559522417155e-05
22212.6461	1.482535371	3.50498547204e-05
22161.54883	1.482453877	3.451273029029e-05
22110.58832	1.482372766	3.398373425954e-05
22059.71565	1.482292036	3.346275138432e-05
22008.97966	1.482211684	3.294966779072e-05
21958.38009	1.482131708	3.244437096633e-05
21907.86865	1.482052105	3.194674975177e-05
21857.49351	1.481972874	3.145669433197e-05
21807.20685	1.481894013	3.097409622726e-05
21757.05636	1.481815518	3.049884828429e-05
21706.99464	1.481737389	3.003084466676e-05
21657.06898	1.481659623	2.956998084603e-05
21607.27906	1.481582217	2.91161535916e-05
21557.57814	1.48150517	2.866926096124e-05
21508.01281	1.48142848	2.82292022914e-05
21458.53674	1.481352144	2.7795878187e-05
21409.19611	1.481276161	2.736919051149e-05
21359.94498	1.481200528	2.694904237674e-05
21310.8291	1.481125243	2.653533813254e-05
21261.80296	1.481050304	2.612798335634e-05
21212.91188	1.48097571	2.572688484288e-05
21164.11075	1.480901457	2.533195059344e-05
21115.44447	1.480827545	2.494308980543e-05
21066.86835	1.480753971	2.456021286157e-05
21018.42685	1.480680733	2.418323131923e-05
20970.0757	1.480607829	2.381205789961e-05
20921.85895	1.480535257	2.344660647695e-05
20873.7327	1.480463015	2.308679206759e-05
20825.74062	1.480391102	2.273253081911e-05
20777.83919	1.480319514	2.238373999946e-05
20730.02869	1.480248251	2.204033798582e-05
20682.35216	1.480177311	2.170224425384e-05
20634.80927	1.480106691	2.136937936646e-05
20587.31492	1.48003639	2.104166496311e-05
20539.99651	1.479966405	2.071902374848e-05
20492.72713	1.479896735	2.040137948175e-05
20445.63302	1.479827379	2.008865696541e-05
20398.58842	1.479758333	1.978078203442e-05
20351.67698	1.479689597	1.947768154512e-05
20304.85712	1.479621168	1.917928336437e-05
20258.17012	1.479553044	1.888551635853e-05
20211.57476	1.479485225	1.859631038262e-05
20165.07127	1.479417707	1.831159626943e-05
20118.70033	1.47935049	1.803130581859e-05
20072.4213	1.479283571	1.775537178587e-05
20026.27447	1.479216948	1.748372787233e-05
19980.21958	1.479150621	1.721630871358e-05
19934.25682	1.479084586	1.695304986909e-05
19888.42593	1.479018843	1.669388781157e-05
19842.68718	1.478953389	1.643875991632e-05
19797.04074	1.478888223	1.618760445072e-05
19751.48679	1.478823343	1.594036056368e-05
19706.06434	1.478758748	1.569696827523e-05
19660.73437	1.478694435	1.545736846612e-05
19615.5355	1.478630404	1.522150286753e-05
19570.42908	1.478566651	1.498931405069e-05
19525.41526	1.478503177	1.476074541683e-05
19480.49418	1.478439978	1.45357411869e-05
19435.70378	1.478377053	1.431424639156e-05
19391.00606	1.478314401	1.409620686119e-05
19346.40118	1.47825202	1.388156921588e-05
19301.88927	1.478189909	1.367028085566e-05
19257.50754	1.478128065	1.346228995061e-05
19213.21869	1.478066487	1.325754543117e-05
19169.02286	1.478005174	1.305599697852e-05
19124.95673	1.477944124	1.285759501498e-05
19080.9471	1.477883335	1.266229069449e-05
19037.06707	1.477822805	1.247003589322e-05
18993.28018	1.477762534	1.228078320021e-05
18949.58652	1.47770252	1.209448590815e-05
18906.02195	1.47764276	1.191109800409e-05
18862.55048	1.477583254	1.173057416045e-05
18819.17222	1.477523999	1.155286972592e-05
18775.88725	1.477464995	1.137794071655e-05
18732.69567	1.47740624	1.120574380687e-05
18689.59756	1.477347733	1.103623632113e-05
18646.62776	1.477289471	1.086937622461e-05
18603.75126	1.477231453	1.070512211491e-05
18560.93369	1.477173678	1.05434332136e-05
18518.24417	1.477116144	1.038426935758e-05
18475.68231	1.477058851	1.022759099086e-05
18433.17972	1.477001795	1.00733591562e-05
18390.77078	1.476944976	9.921535486947e-06
18348.48919	1.476888393	9.772082198891e-06
18306.26752	1.476832044	9.624962082285e-06
18264.173	1.476775927	9.480138493858e-06
18222.17201	1.476720042	9.337575348973e-06
18180.2646	1.476664386	9.197237113861e-06
18138.45079	1.476608958	9.059088797909e-06
18096.73064	1.476553757	8.923095946043e-06
18055.10418	1.476498781	8.789224631253e-06
18013.57142	1.476444029	8.6574414471e-06
17972.16471	1.4763895	8.527713500379e-06
17930.81931	1.476335192	8.400008403836e-06
17889.5677	1.476281104	8.274294268983e-06
17848.44174	1.476227234	8.150539698997e-06
17807.3776	1.476173582	8.028713781676e-06
17766.43884	1.476120145	7.908786082492e-06
17725.56221	1.476066922	7.79072663775e-06
17684.81069	1.476013912	7.674505947757e-06
17644.1216	1.475961114	7.560094970194e-06
17603.55733	1.475908526	7.447465113406e-06
17563.05576	1.475856148	7.336588229933e-06
17522.67873	1.475803976	7.227436609997e-06
17482.36466	1.475752011	7.119982975159e-06
17442.14441	1.475700252	7.014200471966e-06
17402.04822	1.475648695	6.910062665776e-06
17362.01538	1.475597342	6.807543534544e-06
17322.07629	1.475546189	6.706617462819e-06
17282.23093	1.475495236	6.607259235707e-06
17242.50899	1.475444482	6.509444032931e-06
17202.85086	1.475393925	6.413147423026e-06
17163.28636	1.475343564	6.318345357558e-06
17123.78614	1.475293397	6.225014165399e-06
17084.40894	1.475243424	6.133130547129e-06
17045.12526	1.475193644	6.042671569484e-06
17005.90615	1.475144054	5.953614659896e-06
16966.80953	1.475094654	5.865937601004e-06
16927.77764	1.475045442	5.779618525439e-06
16888.83935	1.474996418	5.694635910458e-06
16850.023	1.47494758	5.610968572829e-06
16811.24336	1.474898927	5.528595663613e-06
16772.58554	1.474850457	5.447496663215e-06
16734.0211	1.474802169	5.367651376306e-06
16695.52209	1.474754063	5.289039926935e-06
16657.11659	1.474706137	5.211642753693e-06
16618.80451	1.47465839	5.135440604899e-06
16580.58579	1.47461082	5.060414533878e-06
16542.46036	1.474563427	4.986545894327e-06
16504.42814	1.474516208	4.913816335661e-06
16466.46193	1.474469165	4.842207798578e-06
16428.58903	1.474422293	4.771702510496e-06
16390.80935	1.474375594	4.702282981208e-06
16353.09605	1.474329066	4.633931998497e-06
16315.50266	1.474282706	4.566632623915e-06
16277.97574	1.474236516	4.500368188469e-06
16240.51554	1.474190492	4.435122288539e-06
16203.17485	1.474144634	4.370878781719e-06
16165.90094	1.474098942	4.307621782814e-06
16128.72009	1.474053413	4.245335659828e-06
16091.63219	1.474008047	4.184005030011e-06
16054.61137	1.473962842	4.123614756037e-06
16017.70918	1.473917798	4.064149942125e-06
15980.84855	1.473872913	4.005595930329e-06
15944.10634	1.473828186	3.94793829678e-06
15907.43147	1.473783617	3.891162848065e-06
15870.84938	1.473739203	3.835255617603e-06
15834.33486	1.473694945	3.780202862106e-06
15797.93805	1.47365084	3.72599105807e-06
15761.58398	1.473606888	3.672606898321e-06
15725.34737	1.473563088	3.620037288645e-06
15689.17855	1.473519439	3.568269344411e-06
15653.10221	1.473475939	3.517290387287e-06
15617.09385	1.473432588	3.467087941986e-06
15581.17794	1.473389384	3.417649733083e-06
15545.33018	1.473346327	3.368963681813e-06
15509.57484	1.473303415	3.321017903022e-06
15473.91176	1.473260647	3.273800702079e-06
15438.31698	1.473218023	3.227300571846e-06
15402.8144	1.473175541	3.181506189755e-06
15367.38028	1.4731332	3.136406414809e-06
15332.03829	1.473090999	3.091990284781e-06
15296.78829	1.473048938	3.048247013326e-06
15261.60683	1.473007014	3.005165987215e-06
15226.4941	1.472965228	2.962736763536e-06
15191.47333	1.472923578	2.920949067047e-06
15156.54437	1.472882063	2.879792787457e-06
15121.68419	1.472840682	2.839257976823e-06
15086.89296	1.472799435	2.799334846936e-06
15052.21614	1.472758319	2.760013766801e-06
15017.58559	1.472717334	2.721285260124e-06
14983.04668	1.47267648	2.683140002787e-06
14948.5769	1.472635755	2.6455688205e-06
14914.19862	1.472595158	2.608562686332e-06
14879.91167	1.472554688	2.572112718403e-06
14845.67182	1.472514345	2.536210177493e-06
14811.5453	1.472474126	2.500846464854e-06
14777.46614	1.472434032	2.466013119846e-06
14743.47822	1.472394062	2.431701817811e-06
14709.58138	1.472354213	2.397904367849e-06
14675.75389	1.472314486	2.364612710655e-06
14641.99588	1.47227488	2.331818916434e-06
14608.30745	1.472235393	2.299515182814e-06
14574.70996	1.472196024	2.26769383277e-06
14541.20323	1.472156774	2.236347312639e-06
14507.74496	1.472117639	2.205468190103e-06
14474.37746	1.472078621	2.175049152254e-06
14441.10053	1.472039717	2.14508300368e-06
14407.87246	1.472000928	2.11556266453e-06
14374.73497	1.471962251	2.086481168671e-06
14341.68784	1.471923686	2.057831661876e-06
14308.68995	1.471885233	2.029607399986e-06
14275.78242	1.471846889	2.001801747128e-06
14242.96504	1.471808655	1.974408174001e-06
14210.19724	1.471770529	1.947420256107e-06
14177.51956	1.471732511	1.920831672087e-06
14144.91179	1.471694599	1.894636202065e-06
14112.37401	1.471656793	1.868827725956e-06
14079.92611	1.471619091	1.8434002219e-06
14047.52841	1.471581494	1.818347764652e-06
14015.22053	1.471543999	1.793664524001e-06
13983.00226	1.471506606	1.769344763266e-06
13950.83447	1.471469315	1.745382837751e-06
13918.75622	1.471432124	1.72177319326e-06
13886.72873	1.471395032	1.698510364645e-06
13854.79071	1.471358039	1.675588974355e-06
13822.92283	1.471321143	1.653003730983e-06
13791.14415	1.471284345	1.630749427923e-06
13759.4166	1.471247642	1.608820941959e-06
13727.77816	1.471211034	1.587213231906e-06
13696.20985	1.47117452	1.565921337318e-06
13664.69303	1.4711381	1.544940377127e-06
13633.26517	1.471101772	1.524265548393e-06
13601.92603	1.471065536	1.503892125007e-06
13570.63857	1.47102939	1.483815456469e-06
13539.42138	1.470993335	1.464030966629e-06
13508.27449	1.470957368	1.44453415251e-06
13477.21609	1.470921489	1.4253205831e-06
13446.20978	1.470885698	1.406385898191e-06
13415.29182	1.470849993	1.387725807215e-06
13384.44406	1.470814374	1.369336088126e-06
13353.64868	1.47077884	1.351212586281e-06
13322.94144	1.47074339	1.333351213351e-06
13292.30442	1.470708022	1.315747946226e-06
13261.72005	1.470672737	1.29839882597e-06
13231.22357	1.470637534	1.281299956767e-06
13200.79733	1.470602411	1.264447504908e-06
13170.44132	1.470567368	1.247837697764e-06
13140.13826	1.470532404	1.231466822796e-06
13109.92277	1.470497518	1.2153312266e-06
13079.77749	1.47046271	1.199427313925e-06
13049.68537	1.470427977	1.183751546723e-06
13019.68055	1.470393321	1.168300443212e-06
12989.72902	1.47035874	1.153070577002e-06
12959.8478	1.470324232	1.138058576157e-06
12930.05358	1.470289798	1.123261122319e-06
12900.31283	1.470255436	1.108674949826e-06
12870.64232	1.470221146	1.094296844886e-06
12841.04202	1.470186927	1.080123644704e-06
12811.51191	1.470152778	1.066152236662e-06
12782.03562	1.470118698	1.052379557509e-06
12752.64586	1.470084686	1.038802592542e-06
12723.30999	1.470050743	1.02541837485e-06
12694.04434	1.470016865	1.012223984492e-06
12664.84884	1.469983054	9.992165477726e-07
12635.72346	1.469949309	9.863932364697e-07
12606.66817	1.469915627	9.737512670974e-07
12577.66709	1.46988201	9.612879001945e-07
12548.73615	1.469848455	9.490004395858e-07
12519.8753	1.469814963	9.368862316939e-07
12491.08449	1.469781531	9.249426648531e-07
12462.34813	1.46974816	9.13167168613e-07
12433.69731	1.469714849	9.015572130624e-07
12405.10098	1.469681597	8.901103082206e-07
12376.55929	1.469648403	8.788240033163e-07
12348.1029	1.469615267	8.676958862163e-07
12319.70117	1.469582187	8.567235827588e-07
12291.36937	1.469549163	8.459047561513e-07
12263.09238	1.469516194	8.352371063675e-07
12234.88533	1.46948328	8.247183695377e-07
12206.74813	1.469450419	8.14346317387e-07
12178.68073	1.46941761	8.041187566358e-07
12150.66829	1.469384854	7.9403352843e-07
12122.72563	1.469352149	7.840885078118e-07
12094.83804	1.469319495	7.74281603139e-07
12067.02023	1.46928689	7.646107555665e-07
12039.27211	1.469254334	7.550739385048e-07
12011.57916	1.469221826	7.456691570976e-07
11983.95588	1.469189366	7.363944477165e-07
11956.38788	1.469156953	7.272478774482e-07
11928.8895	1.469124585	7.182275436091e-07
11901.46067	1.469092262	7.093315732249e-07
11874.08718	1.469059984	7.005581226045e-07
11846.76915	1.46902775	6.919053768086e-07
11819.53462	1.468995558	6.833715492256e-07
11792.34158	1.468963409	6.749548811038e-07
11765.21802	1.468931301	6.666536410875e-07
11738.16382	1.468899233	6.584661247916e-07
11711.16519	1.468867206	6.503906543602e-07
11684.23586	1.468835217	6.424255780406e-07
11657.36215	1.468803267	6.345692697599e-07
11630.54414	1.468771354	6.268201287108e-07
11603.79537	1.468739479	6.191765789447e-07
11577.11575	1.468707639	6.116370689709e-07
11550.47848	1.468675835	6.042000713745e-07
11523.92367	1.468644066	5.968640824011e-07
11497.41136	1.46861233	5.896276216023e-07
11470.96813	1.468580628	5.824892314596e-07
11444.58076	1.468548958	5.754474769986e-07
11418.26237	1.46851732	5.68500945431e-07
11391.99985	1.468485712	5.616482458103e-07
11365.8062	1.468454135	5.548880086672e-07
11339.66843	1.468422587	5.482188856833e-07
11313.5866	1.468391068	5.416395493231e-07
11287.56077	1.468359577	5.351486925312e-07
11261.60367	1.468328113	5.287450283772e-07
11235.70257	1.468296676	5.224272897523e-07
11209.8575	1.468265264	5.161942290416e-07
11184.08103	1.468233878	5.100446178098e-07
11158.34812	1.468202515	5.039772465141e-07
11132.69617	1.468171177	4.979909241684e-07
11107.08788	1.468139861	4.920844780751e-07
11081.53572	1.468108567	4.862567535195e-07
11056.05197	1.468077294	4.805066134812e-07
11030.62432	1.468046042	4.748329383661e-07
11005.25281	1.46801481	4.692346257004e-07
10979.94951	1.467983597	4.637105898886e-07
10954.69031	1.467952402	4.582597619153e-07
10929.49926	1.467921225	4.528810891114e-07
10904.36436	1.467890065	4.475735348666e-07
10879.27379	1.467858921	4.423360783823e-07
10854.26307	1.467827792	4.371677144186e-07
10829.29671	1.467796679	4.320674530646e-07
10804.38658	1.467765579	4.270343194589e-07
10779.53269	1.467734492	4.22067353589e-07
10754.74661	1.467703418	4.171656100198e-07
10730.00517	1.467672356	4.123281576897e-07
10705.33147	1.467641305	4.075540796689e-07
10680.71394	1.467610264	4.028424729286e-07
10656.14124	1.467579232	3.981924481437e-07
10631.63613	1.46754821	3.93603129447e-07
10607.18722	1.467517195	3.890736542426e-07
10582.79449	1.467486188	3.846031729699e-07
10558.44681	1.467455187	3.801908489259e-07
10534.16652	1.467424193	3.758358580211e-07
10509.94241	1.467393203	3.715373886267e-07
10485.76348	1.467362218	3.672946413542e-07
10461.65177	1.467331237	3.63106828847e-07
10437.58533	1.467300259	3.589731756221e-07
10413.58598	1.467269282	3.548929178572e-07
10389.63198	1.467238308	3.508653032285e-07
10365.7342	1.467207334	3.468895907022e-07
10341.89263	1.46717636	3.42965050382e-07
10318.10725	1.467145385	3.390909633247e-07
10294.37803	1.467114409	3.352666213541e-07
10270.70497	1.46708343	3.314913269229e-07
10247.07753	1.467052449	3.277643929069e-07
10223.51675	1.467021464	3.240851424785e-07
10200.00163	1.466990474	3.204529089127e-07
10176.54266	1.466959479	3.168670354495e-07
10153.1295	1.466928479	3.133268751347e-07
10129.78278	1.466897471	3.098317906545e-07
10106.48189	1.466866457	3.063811542014e-07
10083.23712	1.466835434	3.029743473068e-07
10060.04843	1.466804402	2.996107607143e-07
10036.91578	1.46677336	2.962897942137e-07
10013.8291	1.466742308	2.930108565215e-07
9990.808456	1.466711245	2.897733651282e-07
9967.803993	1.46668017	2.865767461615e-07
9944.905225	1.466649083	2.834204342582e-07
9922.012978	1.466617982	2.803038724275e-07
9899.225881	1.466586867	2.772265119207e-07
9876.445665	1.466555737	2.741878120983e-07
9853.672957	1.466524591	2.711872403132e-07
9831.101673	1.466493429	2.68224271776e-07
9808.441144	1.466462249	2.65298389448e-07
9785.88484	1.466431052	2.624090839028e-07
9763.336718	1.466399836	2.595558532207e-07
9740.892266	1.466368601	2.567382028625e-07
9718.55077	1.466337345	2.539556455696e-07
9696.12349	1.466306069	2.51207701236e-07
9673.893065	1.46627477	2.484938968076e-07
9651.578033	1.46624345	2.458137661688e-07
9629.458439	1.466212106	2.431668500365e-07
9607.255399	1.466180738	2.405526958579e-07
9585.154513	1.466149345	2.379708577008e-07
9563.155076	1.466117926	2.354208961634e-07
9541.165358	1.466086482	2.329023782594e-07
9519.185919	1.46605501	2.304148773301e-07
9497.307513	1.46602351	2.279579729524e-07
9475.43966	1.465991982	2.255312508306e-07
9453.672279	1.465960424	2.231343027086e-07
9431.915716	1.465928836	2.207667262992e-07
9410.259064	1.465897217	2.184281251653e-07
9388.61349	1.465865566	2.161181086493e-07
9366.979524	1.465833883	2.138362917862e-07
9345.44503	1.465802166	2.115822952255e-07
9323.922388	1.465770415	2.093557451484e-07
9302.498651	1.465738629	2.071562731816e-07
9281.087001	1.465706808	2.049835163377e-07
9259.773691	1.46567495	2.028371169362e-07
9238.472696	1.465643055	2.007167225273e-07
9217.184519	1.465611121	1.986219858353e-07
9195.994225	1.465579149	1.965525646991e-07
9174.90114	1.465547137	1.945081220065e-07
9153.737013	1.465515084	1.924883256387e-07
9132.753708	1.46548299	1.904928484292e-07
9111.700334	1.465450854	1.885213681213e-07
9090.743805	1.465418676	1.865735673187e-07
9069.883452	1.465386453	1.84649133477e-07
9048.954846	1.465354186	1.827477588619e-07
9028.20411	1.465321873	1.808691405459e-07
9007.386057	1.465289514	1.790129804027e-07
8986.663791	1.465257108	1.771789851294e-07
8966.036653	1.465224655	1.753668662452e-07
8945.423968	1.465192153	1.735763401518e-07
8924.826189	1.465159601	1.718071281807e-07
8904.323049	1.465126998	1.700589566572e-07
8883.834974	1.465094345	1.683315570156e-07
8863.362405	1.46506164	1.666246659149e-07
8842.983977	1.465028882	1.649380253791e-07
8822.69904	1.46499607	1.632713829983e-07
8802.351988	1.464963203	1.616244921412e-07
8782.09857	1.464930282	1.599971122172e-07
8761.938141	1.464897303	1.583890089889e-07
8741.793641	1.464864268	1.567999549504e-07
8721.665489	1.464831175	1.552297297226e-07
8701.629815	1.464798023	1.536781205884e-07
8681.610612	1.464764812	1.521449230313e-07
8661.608287	1.464731539	1.506299414239e-07
8641.697921	1.464698206	1.491329897734e-07
8621.87888	1.46466481	1.476538926074e-07
8602.002546	1.464631351	1.461924859484e-07
8582.217645	1.464597828	1.447486184909e-07
8562.523547	1.46456424	1.433221528637e-07
8542.773668	1.464530586	1.419129671122e-07
8523.114687	1.464496865	1.405209563817e-07
8503.545979	1.464463077	1.391460348004e-07
8483.994944	1.46442922	1.377881376085e-07
8464.461956	1.464395294	1.364472235756e-07
8445.018706	1.464361297	1.35123277727e-07
8425.593583	1.46432723	1.338163143756e-07
8406.186954	1.46429309	1.325263805685e-07
8386.869517	1.464258877	1.312535599152e-07
8367.570643	1.464224589	1.299979769184e-07
8348.360382	1.464190227	1.287598017636e-07
8329.168749	1.46415579	1.275392557158e-07
8309.996094	1.464121275	1.263366170959e-07
8290.842764	1.464086682	1.251522279852e-07
8271.777522	1.464052011	1.239865016284e-07
8252.799762	1.46401726	1.228399307088e-07
8233.773291	1.463982429	1.217130964947e-07
8214.834348	1.463947516	1.206066789927e-07
8195.982329	1.46391252	1.195214681874e-07
8177.082907	1.463877441	1.184583764421e-07
8158.337005	1.463842277	1.174184522228e-07
8139.544348	1.463807028	1.164028952094e-07
8120.83807	1.463771692	1.15413072963e-07
8102.151932	1.463736269	1.144505392222e-07
8083.486246	1.463700757	1.135170540612e-07
8064.906366	1.463665156	1.126146059612e-07
8046.346958	1.463629465	1.117454360474e-07
8027.872774	1.463593682	1.109120645954e-07
8009.419077	1.463557806	1.101173200452e-07
7990.986168	1.463521837	1.093643706759e-07
7972.574344	1.463485773	1.086567591777e-07
7954.24717	1.463449613	1.079984403206e-07
7935.941084	1.463413357	1.073938219785e-07
7917.719063	1.463377003	1.06847809708e-07
7899.518129	1.46334055	1.063658551831e-07
7881.338567	1.463303997	1.059540087267e-07
7863.242487	1.463267343	1.056189762441e-07
7845.106223	1.463230588	1.053681808286e-07
7827.114691	1.463193728	1.052098293625e-07
7809.083526	1.463156765	1.051529844479e-07
7791.135246	1.463119696	1.052076419739e-07
7773.208858	1.463082521	1.053848146848e-07
7755.304628	1.463045238	1.056966221098e-07
7737.482687	1.463007846	1.061563872396e-07
7719.682875	1.462970345	1.067787402977e-07
7701.964771	1.462932732	1.075797300291e-07
7684.209717	1.462895007	1.08576942925e-07
7666.536336	1.462857168	1.097896307576e-07
7648.944063	1.462819215	1.112388469023e-07
7631.315868	1.462781146	1.129475918297e-07
7613.768739	1.46274296	1.149409682349e-07
7596.244417	1.462704656	1.172463462755e-07
7578.800579	1.462666233	1.198935392818e-07
7561.379498	1.462627688	1.229149905184e-07
7543.981412	1.462589022	1.263459713088e-07
7526.606554	1.462550232	1.302247911014e-07
7509.311546	1.462511318	1.345930198571e-07
7492.039708	1.462472279	1.394957232041e-07
7474.791266	1.462433112	1.449817108191e-07
7457.622063	1.462393817	1.511037984951e-07
7440.47619	1.462354392	1.579190842224e-07
7423.353871	1.462314836	1.654892387527e-07
7406.255323	1.462275148	1.738808110393e-07
7389.235362	1.462235326	1.831655488761e-07
7372.239096	1.462195369	1.93420735102e-07
7355.320839	1.462155276	2.047295396753e-07
7338.372349	1.462115044	2.171813878677e-07
7321.501786	1.462074674	2.30872344982e-07
7304.655257	1.462034163	2.459055175434e-07
7287.886076	1.461993509	2.623914713951e-07
7271.087973	1.461952713	2.804486666715e-07
7254.367129	1.461911771	3.002039098752e-07
7237.670628	1.461870682	3.217928227779e-07
7221.050807	1.461829446	3.453603286268e-07
7204.455235	1.46178806	3.710611551017e-07
7187.884103	1.461746523	3.990603540769e-07
7171.337598	1.461704833	4.295338380523e-07
7154.867098	1.46166299	4.626689328932e-07
7138.370167	1.46162099	4.986649463356e-07
7121.949135	1.461578834	5.377337522769e-07
7105.603479	1.461536518	5.801003898651e-07
7089.232165	1.461494042	6.260036771336e-07
7072.936117	1.461451404	6.756968383898e-07
7056.66502	1.461408602	7.294481442709e-07
7040.468614	1.461365635	7.875415645489e-07
7024.247703	1.461322501	8.502774312747e-07
7008.101365	1.461279198	9.179731127481e-07
6991.980199	1.461235724	9.90963695957e-07
6975.884368	1.461192078	1.069602676999e-06
6959.862473	1.461148259	1.154262657681e-06
6943.865789	1.461104264	1.245336047065e-06
6927.894474	1.461060091	1.343235766784e-06
6911.948686	1.461015739	1.448395956878e-06
6896.028577	1.460971207	1.561272683133e-06
6880.181637	1.460926492	1.682344641458e-06
6864.360242	1.460881592	1.812113858365e-06
6848.564541	1.460836506	1.951106386204e-06
6832.841369	1.460791231	2.099872989655e-06
6817.09728	1.460745767	2.258989822175e-06
6801.425579	1.460700111	2.429059090186e-06
6785.77972	1.460654262	2.610709700435e-06
6770.159843	1.460608217	2.804597892669e-06
6754.611711	1.460561975	3.011407849387e-06
6739.089414	1.460515534	3.231852284458e-06
6723.593088	1.460468891	3.466673005679e-06
6708.122866	1.460422046	3.716641447917e-06
6692.678879	1.460374995	3.982559177732e-06
6677.305841	1.460327739	4.265258360934e-06
6661.914501	1.460280274	4.565602196169e-06
6646.593953	1.460232598	4.88448530585e-06
6631.343709	1.46018471	5.22283408516e-06
6616.075741	1.460136608	5.581607007303e-06
6600.834345	1.46008829	5.961794876389e-06
6585.663012	1.460039754	6.36442103145e-06
6570.518085	1.459990999	6.790541493965e-06
6555.399683	1.459942022	7.24124505894e-06
6540.350694	1.459892821	7.717653325082e-06
6525.285481	1.459843396	8.220920658809e-06
6510.289513	1.459793743	8.752234099364e-06
6495.320122	1.459743862	9.312813187363e-06
6480.377417	1.45969375	9.903909723185e-06
6465.461505	1.459643406	1.052680745876e-05
6450.614098	1.459592828	1.118282170184e-05
6435.751889	1.459542014	1.18732988508e-05
6420.958007	1.459490963	1.259961584281e-05
6406.190943	1.459439672	1.336317952453e-05
6391.450795	1.459388141	1.416542592855e-05
6376.778324	1.459336368	1.500781947684e-05
6362.09211	1.45928435	1.589185208775e-05
6347.473388	1.459232087	1.681904219044e-05
6332.881588	1.459179577	1.779093366231e-05
6318.3168	1.459126818	1.880909466044e-05
6303.779116	1.45907381	1.98751163665e-05
6289.268621	1.459020549	2.099061164714e-05
6274.785402	1.458967036	2.215721361011e-05
6260.368736	1.458913269	2.337657406882e-05
6245.979151	1.458859246	2.465036192816e-05
6231.616731	1.458804967	2.59802614548e-05
6217.281556	1.458750429	2.736797048272e-05
6202.973706	1.458695632	2.881519850931e-05
6188.693257	1.458640575	3.032366470212e-05
6174.478411	1.458585256	3.189509583805e-05
6160.290766	1.458529675	3.353122413495e-05
6146.092622	1.45847383	3.52337850145e-05
6131.959774	1.458417721	3.700451477075e-05
6117.854346	1.458361347	3.884514816741e-05
6103.813663	1.458304706	4.075741597873e-05
6089.763108	1.458247798	4.274304240332e-05
6075.740177	1.458190623	4.480374249296e-05
6061.781679	1.458133179	4.694121941986e-05
6047.850594	1.458075465	4.915716176604e-05
6033.910577	1.458017482	5.145324070244e-05
6020.034675	1.457959229	5.383110714486e-05
6006.222446	1.457900705	5.629238884612e-05
5992.401635	1.45784191	5.883868745154e-05
5978.608539	1.457782843	6.14715755149e-05
5964.843214	1.457723504	6.41925934854e-05
5951.141131	1.457663893	6.700324666938e-05
5937.466602	1.457604009	6.990500215289e-05
5923.784587	1.457543853	7.289928573329e-05
5910.165485	1.457483424	7.598747883633e-05
5896.57409	1.457422721	7.917091542067e-05
5883.010454	1.457361746	8.24508788625e-05
5869.474623	1.457300498	8.582859894615e-05
5856.000937	1.457238976	8.930524871579e-05
5842.520697	1.457177182	9.288194149886e-05
5829.068398	1.457115115	9.655972787001e-05
5815.677904	1.457052775	0.00010034
5802.315124	1.456990162	0.000104222
5788.946585	1.456927277	0.000108209
5775.639508	1.456864119	0.0001123
5762.360263	1.45680069	0.000116497
5749.108888	1.456736989	0.0001208
5735.88542	1.456673016	0.000125209
5722.689893	1.456608772	0.000129724
5709.522341	1.456544257	0.000134348
5696.382797	1.456479472	0.000139078
5683.303591	1.456414417	0.000143917
5670.220005	1.456349092	0.000148863
5657.19652	1.456283497	0.000153917
5644.169009	1.456217633	0.000159078
5631.20136	1.4561515	0.000164347
5618.230033	1.456085098	0.000169723
5605.318326	1.456018428	0.000175206
5592.434555	1.455951489	0.000180795
5579.54761	1.455884283	0.00018649
5566.719922	1.455816809	0.000192289
5553.920235	1.455749067	0.000198192
5541.148569	1.455681058	0.000204199
5528.404945	1.455612781	0.000210307
5515.689378	1.455544237	0.000216516
5503.001888	1.455475425	0.000222825
5490.342488	1.455406345	0.000229232
5477.711193	1.455336998	0.000235735
5465.137885	1.455267382	0.000242334
5452.562704	1.455197498	0.000249026
5440.015667	1.455127345	0.000255809
5427.496784	1.455056923	0.000262682
5415.035387	1.454986231	0.000269642
5402.572705	1.454915267	0.000276688
5390.138203	1.454844033	0.000283817
5377.731888	1.454772526	0.000291026
5365.382552	1.454700745	0.000298314
5353.032493	1.45462869	0.000305677
5340.710635	1.454556359	0.000313113
5328.445373	1.454483751	0.00032062
5316.179793	1.454410864	0.000328194
5303.970552	1.454337696	0.000335832
5291.761257	1.454264245	0.000343532
5279.580168	1.454190511	0.00035129
5267.455029	1.454116489	0.000359103
5255.330219	1.454042179	0.000366968
5243.233607	1.453967577	0.000374881
5231.192555	1.453892682	0.000382839
5219.152201	1.453817489	0.000390838
5207.14003	1.453741997	0.000398875
5195.183026	1.453666201	0.000406946
5183.227077	1.4535901	0.000415047
5171.299289	1.453513688	0.000423175
5159.399652	1.453436962	0.000431326
5147.554654	1.453359918	0.000439496
5135.711168	1.453282552	0.00044768
5123.8958	1.45320486	0.000455875
5112.10854	1.453126836	0.000464077
5100.349374	1.453048476	0.000472282
5088.618287	1.452969776	0.000480486
5076.915266	1.452890728	0.000488684
5065.240295	1.452811329	0.000496873
5053.593358	1.452731572	0.000505047
5041.974437	1.45265145	0.000513204
5030.383516	1.452570958	0.000521339
5018.795389	1.45249009	0.000529447
5007.260528	1.452408837	0.000537525
4995.753609	1.452327194	0.000545568
4984.249771	1.452245153	0.000553572
4972.798791	1.452162706	0.000561534
4961.351075	1.452079844	0.000569448
4949.931443	1.451996561	0.00057731
4938.564261	1.451912848	0.000585117
4927.200611	1.451828695	0.000592864
4915.864971	1.451744093	0.000600548
4904.557315	1.451659034	0.000608164
4893.277615	1.451573507	0.000615708
4882.025845	1.451487503	0.000623177
4870.801978	1.451401011	0.000630566
4859.605983	1.451314021	0.000637872
4848.414326	1.451226521	0.000645091
4837.274099	1.4511385	0.000652219
4826.138365	1.451049947	0.000659252
4815.053784	1.450960849	0.000666188
4803.973847	1.450871194	0.000673021
4792.921813	1.45078097	0.00067975
4781.897648	1.450690163	0.00068637
4770.901319	1.45059876	0.000692879
4759.93279	1.450506746	0.000699272
4748.969474	1.450414108	0.000705548
4738.056544	1.450320831	0.000711702
4727.148962	1.4502269	0.000717732
4716.291486	1.450132299	0.000723635
4705.439488	1.450037012	0.000729409
4694.615276	1.449941022	0.00073505
4683.818811	1.449844312	0.000740556
4673.050053	1.449746866	0.000745925
4662.308962	1.449648664	0.000751154
4651.57386	1.449549688	0.000756241
4640.88808	1.44944992	0.000761184
4630.208406	1.449349338	0.000765982
4619.55643	1.449247923	0.000770631
4608.93211	1.449145654	0.000775131
4598.335403	1.449042508	0.000779479
4587.745215	1.448938463	0.000783676
4577.203695	1.448833496	0.000787718
4566.668798	1.448727582	0.000791606
4556.182284	1.448620696	0.000795339
4545.702493	1.448512812	0.000798917
4535.229664	1.448403903	0.000802338
4524.804981	1.44829394	0.000805604
4514.407732	1.448182895	0.000808716
4504.017584	1.448070737	0.000811674
4493.654959	1.447957435	0.00081448
4483.319809	1.447842954	0.000817136
4473.012082	1.447727261	0.000819647
4462.731727	1.44761032	0.000822016
4452.45887	1.447492094	0.000824248
4442.213466	1.447372544	0.000826349
4431.995462	1.44725163	0.000828327
4421.804804	1.447129311	0.000830192
4411.641439	1.447005543	0.000831955
4401.485942	1.446880282	0.000833627
4391.377092	1.446753484	0.000835225
4381.276178	1.4466251	0.000836765
4371.202518	1.446495083	0.000838267
4361.137036	1.446363385	0.000839754
4351.117802	1.446229957	0.000841251
4341.106809	1.44609475	0.000842786
4331.123017	1.445957714	0.000844391
4321.166369	1.445818803	0.000846101
4311.218221	1.445677966	0.000847954
4301.297271	1.445535159	0.00084999
4291.403461	1.445390338	0.000852254
4281.536729	1.445243461	0.000854792
4271.697017	1.445094487	0.000857653
4261.866101	1.444943383	0.000860889
4252.06225	1.444790115	0.000864552
4242.285404	1.444634655	0.000868695
4232.5355	1.44447698	0.000873372
4222.794645	1.444317071	0.000878634
4213.080773	1.444154915	0.000884533
4203.39382	1.4439905	0.000891114
4193.733723	1.443823821	0.000898422
4184.082912	1.443654878	0.000906495
4174.45899	1.443483671	0.000915362
4164.861893	1.443310206	0.000925048
4155.27429	1.443134489	0.000935566
4145.713539	1.442956524	0.00094692
4136.179576	1.442776315	0.000959103
4126.672334	1.442593864	0.000972095
4117.174795	1.442409164	0.000985863
4107.720872	1.442222204	0.00100036
4098.259879	1.442032959	0.001015526
4088.842367	1.441841395	0.001031287
4079.434754	1.441647457	0.001047555
4070.053765	1.441451077	0.001064228
4060.699334	1.44125216	0.001081193
4051.354976	1.44105059	0.001098326
4042.037187	1.440846219	0.001115492
4032.745897	1.440638872	0.001132551
4023.464847	1.440428336	0.001149355
4014.210304	1.440214364	0.001165755
4004.982198	1.439996664	0.001181599
3995.76449	1.439774905	0.001196742
3986.573221	1.439548707	0.00121104
3977.408321	1.43931764	0.001224363
3968.253968	1.43908122	0.001236588
3959.125983	1.438838906	0.001247614
3950.024293	1.438590095	0.001257357
3940.948823	1.438334113	0.001265759
3931.884041	1.43807021	0.001272794
3922.830087	1.437797554	0.001278476
3913.817734	1.437515216	0.001282873
3904.8162	1.437222165	0.001286125
3895.825623	1.436917259	0.001288467
3886.876351	1.436599258	0.00129026
3877.938023	1.436266828	0.001292024
3869.010771	1.435918589	0.00129446
3860.109627	1.435553161	0.001298455
3851.234513	1.435169223	0.00130505
3842.385353	1.434765562	0.001315355
3833.547373	1.43434107	0.001330417
3824.7207	1.43389465	0.001351045
3815.93458	1.433425015	0.001377648
3807.14525	1.432930329	0.001410128
3798.396317	1.43240773	0.001447903
3789.658779	1.431852756	0.001490125
3780.947052	1.431258694	0.00153611
3772.246826	1.430615866	0.001586044
3763.572383	1.429910742	0.001642074
3754.909544	1.429124852	0.001710204
3746.272459	1.428233737	0.001803806
3737.661046	1.427207301	0.001949827
3729.061321	1.426014628	0.002197909
3720.487235	1.424637732	0.00262947
3711.938708	1.423096732	0.003358428
3703.401945	1.421480734	0.004511345
3694.877053	1.419965961	0.006179729
3686.377728	1.418795482	0.00835557
3677.903889	1.418207583	0.010885285
3669.441988	1.41833482	0.013484535
3661.005532	1.419130191	0.01582787
3652.581096	1.420374884	0.017673921
3644.182063	1.421772601	0.018952855
3635.79513	1.423074897	0.019763661
3627.433554	1.424162482	0.02029099
3619.097252	1.425044556	0.020702178
3610.773103	1.425796585	0.021086164
3602.474179	1.426489514	0.021455021
3594.18748	1.427152503	0.021784971
3585.913099	1.427776777	0.022058356
3577.663929	1.428341145	0.022282254
3569.439883	1.428835121	0.022483004
3561.228196	1.429267289	0.022689959
3553.041581	1.429660156	0.022921977
3544.867387	1.43003945	0.023182783
3536.718208	1.430425164	0.023464137
3528.58151	1.430827715	0.023752487
3520.469771	1.431248826	0.024035039
3512.370569	1.431684929	0.024303173
3504.296267	1.432130859	0.024553062
3496.234555	1.432582437	0.024784457
3488.185516	1.433037564	0.024998821
3480.173452	1.43349613	0.025197695
3472.161942	1.433959241	0.025381727
3464.175232	1.434428335	0.025550369
3456.213235	1.434904467	0.025702074
3448.263972	1.435387928	0.025834732
3440.327519	1.435878171	0.025946126
3432.415734	1.436373946	0.026034268
3424.528528	1.436873536	0.02609758
3416.642465	1.437374973	0.026134924
3408.79264	1.437876169	0.026145537
3400.944102	1.438374993	0.026128953
3393.131623	1.438869254	0.026084945
3385.320573	1.439356648	0.026013538
3377.533995	1.439834763	0.025915067
3369.771799	1.440301097	0.025790282
3362.022593	1.440753179	0.025640436
3354.286443	1.441188712	0.025467333
3346.574614	1.441605791	0.025273302
3338.875867	1.442003069	0.025061081
3331.190268	1.442379907	0.024833631
3323.528923	1.442736431	0.024593893
3315.891743	1.443073484	0.024344539
3308.267692	1.443392513	0.024087754
3300.656831	1.443695365	0.023825065
3293.059219	1.44398404	0.023557271
3285.48571	1.444260454	0.023284453
3277.936211	1.444526204	0.023006065
3270.389242	1.444782421	0.022721096
3262.876944	1.445029645	0.022428267
3255.367287	1.445267823	0.022126238
3247.881569	1.445496336	0.021813797
3240.409199	1.4457141	0.021490028
3232.960681	1.445919703	0.021154409
3225.525519	1.446111547	0.020806881
3218.103765	1.446288004	0.020447856
3210.705777	1.446447548	0.020078178
3203.321203	1.44658886	0.019699062
3195.950092	1.446710924	0.019312004
3188.602659	1.446813051	0.018918678
3181.26869	1.446894915	0.018520842
3173.948233	1.446956526	0.018120238
3166.651361	1.446998214	0.017718514
3159.368	1.447020561	0.017317161
3152.098194	1.447024356	0.016917464
3144.851877	1.44701052	0.016520479
3137.619112	1.446980049	0.01612702
3130.39994	1.446933943	0.015737675
3123.204158	1.446873161	0.01535282
3116.021962	1.446798577	0.014972658
3108.853393	1.446710947	0.014597257
3101.69849	1.446610895	0.014226592
3094.566869	1.446498904	0.013860591
3087.448903	1.446375324	0.013499175
3080.354118	1.446240389	0.013142293
3073.263529	1.446094236	0.012789946
3066.196108	1.445936936	0.01244221
3059.1424	1.445768512	0.012099241
3052.111756	1.445588977	0.011761277
3045.085536	1.445398339	0.011428632
3038.082362	1.445196619	0.011101682
3031.102139	1.444983861	0.010780852
3024.126481	1.444760088	0.010466599
3017.173753	1.444525277	0.010159385
3010.234798	1.444279216	0.009859668
3003.309647	1.444021155	0.009567899
2996.398329	1.443748733	0.009284922
2989.50981	1.443455815	0.009015343
2982.635098	1.443137151	0.008779217
2975.774222	1.442821789	0.00861292
2968.927208	1.442592856	0.008498673
2962.102856	1.442467628	0.008311656
2955.292338	1.442307258	0.007988984
2948.495678	1.442012797	0.007646369
2941.712901	1.441648203	0.007395204
2934.944031	1.44131036	0.007231861
2928.197665	1.441043901	0.007095517
2921.465173	1.440834291	0.006918906
2914.738082	1.440620357	0.006674841
2908.041899	1.440351439	0.006397621
2901.351159	1.440030203	0.006137232
2894.674378	1.439688069	0.005911384
2888.019916	1.439345556	0.005710268
2881.379374	1.439005083	0.005521379
2874.752771	1.438660595	0.005339766
2868.140126	1.438302952	0.005172675
2861.541455	1.437944316	0.005048291
2854.956776	1.437649588	0.004950305
2848.394218	1.43739674	0.004775908
2841.845608	1.437071027	0.004553029
2835.310963	1.436696298	0.004373952
2828.782294	1.436327291	0.004229355
2822.283623	1.435966756	0.00409588
2815.790956	1.4356092	0.003968433
2809.312308	1.435252666	0.003846288
2802.855549	1.434896482	0.003729035
2796.404942	1.434540275	0.003616319
2789.976174	1.434183771	0.003507853
2783.553652	1.433826744	0.003403429
2777.152918	1.433468997	0.003302919
2770.7662	1.433110379	0.003206263
2764.393506	1.432750781	0.003113462
2758.034845	1.432390164	0.003024549
2751.690226	1.432028538	0.002939578
2745.367193	1.431665972	0.002858596
2739.050645	1.4313026	0.002781633
2732.748161	1.430938577	0.002708684
2726.46718	1.430574084	0.002639702
2720.192807	1.430209325	0.002574592
2713.939881	1.429844487	0.002513212
2707.700972	1.429479736	0.002455379
2701.468789	1.429115216	0.002400869
2695.257963	1.428751024	0.002349435
2689.061168	1.428387225	0.002300813
2682.871209	1.428023815	0.002254736
2676.702517	1.427660767	0.002210944
2670.547863	1.427297994	0.002169195
2664.407249	1.426935389	0.002129276
2658.273611	1.426572809	0.002091006
2652.161113	1.426210085	0.002054243
2646.062659	1.425847058	0.002018883
2639.978247	1.425483551	0.001984863
2633.907876	1.425119405	0.001952156
2627.844642	1.424754477	0.001920766
2621.802384	1.424388636	0.001890724
2615.774165	1.424021793	0.001862077
2609.75998	1.423653874	0.001834886
2603.75305	1.423284839	0.001809215
2597.76696	1.422914662	0.001785128
2591.794896	1.422543357	0.001762679
2585.830168	1.422170939	0.001741912
2579.886175	1.421797456	0.001722854
2573.949571	1.421422953	0.001705515
2568.027036	1.421047488	0.001689887
2562.125129	1.420671108	0.001675946
2556.230684	1.420293865	0.001663651
2550.350291	1.419915804	0.001652944
2544.48394	1.419536959	0.001643761
2538.631627	1.419157343	0.001636025
2532.793342	1.418776971	0.001629657
2526.969077	1.418395835	0.001624574
2521.158825	1.418013918	0.001620695
2515.362577	1.417631194	0.001617941
2509.574025	1.417247617	0.001616241
2503.805785	1.416863139	0.001615528
2498.04528	1.416477707	0.001615745
2492.298797	1.416091256	0.001616845
2486.566325	1.415703727	0.00161879
2480.847855	1.415315048	0.001621551
2475.143373	1.414925155	0.001625108
2469.44677	1.414533986	0.001629451
2463.770258	1.414141483	0.001634575
2458.101657	1.413747585	0.001640484
2452.447052	1.413352246	0.001647184
2446.806428	1.412955414	0.001654687
2441.179773	1.412557044	0.001663005
2435.567073	1.412157104	0.001672152
2429.968313	1.411755549	0.00168214
2424.377602	1.411352345	0.001692978
2418.800855	1.410947451	0.001704672
2413.238059	1.410540814	0.001717222
2407.689196	1.410132371	0.00173062
2402.148482	1.409722027	0.001744852
2396.627466	1.409309648	0.001759894
2391.114618	1.408895016	0.001775714
2385.615692	1.408477797	0.001792269
2380.125004	1.408057414	0.001809505
2374.653894	1.407632871	0.001827363
2369.19104	1.407202162	0.001845771
2363.742087	1.406760508	0.00186475
2358.307019	1.40629265	0.001888098
2352.880278	1.405766588	0.001964886
2347.472945	1.405286755	0.002237418
2342.073953	1.405174026	0.002505883
2336.683358	1.40509947	0.00231802
2331.312086	1.404645592	0.002061398
2325.94922	1.404106893	0.002007195
2320.6002	1.403623966	0.002019896
2315.259645	1.403167791	0.002038145
2309.938278	1.402720606	0.002055995
2304.625383	1.402276796	0.002073186
2299.326297	1.401834011	0.002089648
2294.035736	1.401390977	0.00210532
2288.758989	1.400946895	0.002120153
2283.496032	1.400501235	0.002134115
2278.241653	1.400053564	0.002147186
2273.006233	1.399603532	0.00215936
2267.774248	1.399150859	0.002170646
2262.561174	1.398695275	0.002181068
2257.356726	1.398236557	0.002190664
2252.166021	1.397774491	0.002199482
2246.983986	1.397308877	0.002207583
2241.815691	1.396839527	0.002215039
2236.661112	1.396366287	0.002221929
2231.515243	1.395888997	0.002228339
2226.383085	1.395407515	0.002234361
2221.26461	1.394921693	0.00224009
2216.154883	1.394431432	0.002245626
2211.058832	1.393936593	0.002251066
2205.971565	1.393437082	0.00225651
2200.897966	1.392932782	0.002262056
2195.838009	1.392423595	0.0022678
2190.786865	1.391909413	0.002273839
2185.749351	1.39139014	0.002280266
2180.720685	1.390865665	0.002287179
2175.705636	1.390335852	0.002294674
2170.699464	1.38980059	0.002302855
2165.706898	1.389259743	0.002311833
2160.727906	1.388713154	0.002321732
2155.757814	1.388160643	0.002332693
2150.801281	1.38760206	0.002344881
2145.853674	1.387037193	0.002358493
2140.919611	1.386465868	0.002373758
2135.994498	1.385887862	0.002390953
2131.08291	1.385302994	0.002410405
2126.180296	1.384711073	0.002432496
2121.291188	1.384111961	0.002457672
2116.411075	1.383505528	0.002486441
2111.544447	1.382891707	0.002519378
2106.686835	1.382270536	0.002557119
2101.842685	1.381642089	0.002600354
2097.00757	1.38100659	0.002649814
2092.185895	1.380364413	0.002706258
2087.37327	1.379716026	0.002770446
2082.574062	1.379062073	0.002843113
2077.783919	1.378403376	0.002924935
2073.002869	1.377740929	0.003016497
2068.235216	1.377075848	0.003118249
2063.480927	1.376409423	0.003230469
2058.731492	1.375743028	0.003353226
2053.999651	1.375078147	0.003486344
2049.272713	1.374416271	0.003629373
2044.563302	1.373758894	0.003781577
2039.858842	1.373107388	0.003941919
2035.167698	1.372463027	0.004109072
2030.485712	1.371826816	0.00428144
2025.817012	1.371199508	0.004457193
2021.157476	1.370581566	0.004634323
2016.507127	1.369973	0.004810706
2011.870033	1.369373474	0.004984181
2007.24213	1.368782191	0.005152639
2002.627447	1.368197956	0.005314114
1998.021958	1.36761917	0.005466869
1993.425682	1.367043909	0.00560949
1988.842593	1.36646996	0.005740958
1984.268718	1.365894916	0.005860709
1979.704074	1.365316283	0.00596868
1975.148679	1.364731575	0.006065325
1970.606434	1.364138468	0.006151616
1966.073437	1.363534855	0.006229004
1961.55355	1.362918975	0.006299371
1957.042908	1.362289543	0.006364946
1952.541526	1.361645757	0.006428206
1948.049418	1.360987408	0.006491761
1943.570378	1.360314848	0.006558226
1939.100606	1.359629084	0.006630093
1934.640118	1.358931591	0.006709598
1930.188927	1.358224446	0.006798601
1925.750754	1.357510048	0.006898481
1921.321869	1.356791158	0.00701005
1916.902286	1.356070688	0.00713349
1912.495673	1.355351621	0.007268322
1908.09471	1.354636806	0.007413401
1903.706707	1.353928864	0.00756695
1899.328018	1.35323005	0.00772661
1894.958652	1.352542094	0.007889536
1890.602195	1.351866197	0.008052496
1886.255048	1.351202844	0.008212003
1881.917222	1.350551885	0.008364455
1877.588725	1.349912379	0.008506278
1873.269567	1.349282757	0.008634067
1868.959756	1.348660767	0.008744724
1864.662776	1.348043629	0.008835578
1860.375126	1.347428056	0.008904487
1856.093369	1.346810388	0.008949914
1851.824417	1.346186773	0.008970982
1847.568231	1.345553253	0.0089675
1843.317972	1.344905871	0.008939955
1839.077078	1.344240893	0.008889488
1834.848919	1.343554772	0.008817841
1830.626752	1.342844432	0.008727281
1826.4173	1.342107149	0.008620519
1822.217201	1.341340798	0.008500602
1818.02646	1.340543765	0.008370811
1813.845079	1.339715039	0.008234554
1809.673064	1.338854102	0.008095262
1805.510418	1.337961098	0.007956285
1801.357142	1.33703654	0.007820809
1797.216471	1.336081477	0.00769178
1793.081931	1.335097296	0.007571838
1788.95677	1.334085739	0.007463274
1784.844174	1.333048721	0.007367996
1780.73776	1.331988377	0.007287514
1776.643884	1.33090689	0.007222937
1772.556221	1.329806506	0.007174979
1768.481069	1.328689373	0.007143983
1764.41216	1.327557539	0.007129946
1760.355733	1.326412969	0.007132555
1756.305576	1.325257343	0.007151225
1752.267873	1.324092158	0.007185143
1748.236466	1.322918677	0.007233311
1744.214441	1.321737847	0.007294593
1740.204822	1.320550317	0.007367762
1736.201538	1.319356453	0.007451555
1732.207629	1.318156249	0.007544725
1728.223093	1.316949365	0.007646115
1724.250899	1.315735112	0.007754732
1720.285086	1.314512467	0.007869845
1716.328636	1.313280119	0.007991101
1712.378614	1.312036478	0.008118652
1708.440894	1.31077983	0.008253289
1704.512526	1.309508525	0.008396566
1700.590615	1.308221227	0.008550877
1696.680953	1.306917235	0.008719461
1692.777764	1.30559679	0.00890629
1688.883935	1.304261537	0.009115789
1685.0023	1.302914725	0.009352391
1681.124336	1.301561351	0.009619911
1677.258554	1.300208124	0.009920816
1673.40211	1.298862733	0.01025552
1669.552209	1.297533003	0.010621924
1665.711659	1.29622571	0.01101551
1661.880451	1.294945207	0.011430295
1658.058579	1.293692662	0.011860793
1654.246036	1.292467368	0.012304604
1650.442814	1.29126945	0.012764469
1646.646193	1.290105429	0.013247856
1642.858903	1.288993323	0.013762159
1639.080935	1.287964619	0.014305182
1635.309605	1.287058694	0.014853691
1631.550266	1.286308317	0.015356074
1627.797574	1.285720121	0.015735802
1624.051554	1.285258682	0.015908609
1620.317485	1.28484384	0.015809036
1616.590094	1.284365627	0.015415403
1612.872009	1.283712968	0.014761325
1609.163219	1.282803706	0.013927862
1605.461137	1.281603969	0.01301991
1601.770918	1.280129715	0.01213756
1598.084855	1.278433105	0.011353951
1594.410634	1.27658122	0.010706206
1590.743147	1.274637208	0.010199023
1587.084938	1.272648893	0.009815681
1583.433486	1.270645566	0.009530208
1579.793805	1.268641008	0.009316485
1576.158398	1.26663868	0.009153012
1572.534737	1.264636401	0.009024142
1568.917855	1.262629888	0.008919347
1565.310221	1.260614423	0.008831855
1561.709385	1.258585672	0.00875739
1558.117794	1.25653996	0.008693268
1554.533018	1.254474109	0.008637837
1550.957484	1.252385467	0.008590125
1547.391176	1.250271695	0.008549637
1543.831698	1.248130861	0.008516211
1540.28144	1.24596126	0.008489919
1536.738028	1.243761561	0.008470991
1533.203829	1.241530502	0.008459756
1529.678829	1.239267019	0.008456605
1526.160683	1.236970314	0.008461954
1522.64941	1.234639478	0.008476228
1519.147333	1.232274012	0.008499843
1515.654437	1.229873117	0.008533198
1512.168419	1.227436371	0.008576665
1508.689296	1.224963232	0.008630587
1505.221614	1.222453188	0.008695273
1501.758559	1.219905793	0.008770998
1498.304668	1.217320588	0.008857996
1494.85769	1.214697201	0.008956461
1491.419862	1.212035063	0.009066548
1487.991167	1.209333806	0.009188367
1484.567182	1.206592869	0.009321983
1481.15453	1.203811805	0.009467417
1477.746614	1.200990111	0.009624644
1474.347822	1.198127091	0.00979359
1470.958138	1.195222229	0.009974135
1467.575389	1.192274859	0.01016611
1464.199588	1.1892842	0.010369297
1460.830745	1.186249481	0.010583431
1457.470996	1.183169841	0.010808196
1454.120323	1.180044268	0.011043231
1450.774496	1.17687177	0.011288127
1447.437746	1.173651208	0.011542427
1444.110053	1.170381371	0.011805633
1440.787246	1.167060952	0.012077198
1437.473497	1.163688239	0.012356543
1434.168784	1.160261838	0.01264304
1430.868995	1.156779883	0.012936032
1427.578242	1.153240547	0.013234825
1424.296504	1.149641583	0.013538697
1421.019724	1.145980847	0.013846898
1417.751956	1.142255836	0.014158656
1414.491179	1.138463949	0.014473182
1411.237401	1.134602285	0.014789672
1407.992611	1.130667641	0.015107316
1404.752841	1.126656676	0.0154253
1401.522053	1.122565937	0.015742812
1398.300226	1.118391182	0.016059056
1395.083447	1.114128423	0.01637325
1391.875622	1.109772953	0.016684642
1388.672873	1.105319993	0.016992513
1385.479071	1.100764079	0.017296199
1382.292283	1.096099533	0.017595096
1379.114415	1.091320037	0.01788868
1375.94166	1.086419051	0.018176523
1372.777816	1.081389269	0.018458325
1369.620985	1.076222829	0.018733932
1366.469303	1.070911333	0.01900338
1363.326517	1.065445481	0.019266934
1360.192603	1.059815322	0.019525138
1357.063857	1.054010189	0.019778878
1353.942138	1.048018177	0.020029463
1350.827449	1.041826618	0.020278709
1347.721609	1.035421695	0.020529053
1344.620978	1.028788417	0.020783679
1341.529182	1.021910642	0.021046672
1338.444406	1.014770814	0.021323201
1335.364868	1.007349608	0.021619733
1332.294144	0.999626833	0.021944259
1329.230442	0.991580266	0.022306601
1326.172005	0.983186322	0.022718714
1323.122357	0.974419615	0.023195064
1320.079733	0.965253249	0.023753041
1317.044132	0.955658704	0.024413425
1314.013826	0.945606107	0.025200908
1310.992277	0.935064313	0.026144681
1307.977749	0.924000695	0.027279088
1304.968537	0.912382577	0.028644315
1301.968055	0.900176324	0.030287217
1298.972902	0.887349077	0.032262148
1295.98478	0.873868723	0.034631933
1293.005358	0.859705435	0.037468878
1290.031283	0.844832562	0.040855902
1287.064232	0.829228498	0.04488771
1284.104202	0.812878778	0.049672026
1281.151191	0.795778159	0.055330864
1278.203562	0.777935406	0.062001561
1275.264586	0.759376993	0.069837633
1272.330999	0.740152915	0.079008927
1269.404434	0.720344894	0.089700455
1266.484884	0.700075246	0.102109118
1263.572346	0.679517913	0.116436792
1260.666817	0.658910139	0.132877893
1257.766709	0.638562497	0.151599301
1254.873615	0.618862689	0.172711312
1251.98753	0.600266625	0.196230896
1249.108449	0.583269024	0.222044134
1246.234813	0.568351791	0.249880709
1243.369731	0.555916308	0.279316821
1240.510098	0.546221096	0.309814429
1237.655929	0.539346674	0.340789171
1234.81029	0.535199736	0.371684074
1231.970117	0.533549444	0.402026055
1229.136937	0.534077173	0.431454812
1226.309238	0.536424152	0.459726234
1223.488533	0.540226817	0.486701178
1220.674813	0.545140092	0.51232805
1217.868073	0.550851596	0.536624644
1215.066829	0.55708855	0.559663232
1212.272563	0.563622707	0.581556706
1209.483804	0.570272734	0.602446947
1206.702023	0.576906051	0.622493042
1203.927211	0.583437986	0.641860706
1201.157916	0.589830606	0.660709567
1198.395588	0.596087024	0.679182515
1195.638788	0.602243382	0.697395248
1192.88895	0.608357591	0.715428403
1190.146067	0.614495112	0.733324299
1187.408718	0.620714515	0.751087911
1184.676915	0.627054089	0.768693306
1181.953462	0.633520827	0.786095983
1179.234158	0.640085953	0.803246698
1176.521802	0.646685455	0.82010766
1173.816382	0.653227234	0.83666661
1171.116519	0.659603381	0.852946889
1168.423586	0.665705475	0.869011925
1165.736215	0.671440297	0.884963288
1163.054414	0.676743717	0.900931777
1160.379537	0.681589494	0.917063722
1157.711575	0.685991274	0.933504462
1155.047848	0.689997112	0.950381787
1152.392367	0.693676484	0.967793296
1149.741136	0.697101773	0.985800699
1147.096813	0.700327683	1.004432864
1144.458076	0.703372335	1.023698677
1141.826237	0.706203814	1.043609328
1139.199985	0.708736724	1.064206273
1136.58062	0.710839596	1.085593817
1133.966843	0.712357069	1.10796835
1131.35866	0.713144212	1.131643672
1128.756077	0.713113952	1.157064302
1126.160367	0.712294134	1.1848027
1123.570257	0.710889338	1.215535523
1120.98575	0.709340329	1.249994284
1118.408103	0.708371363	1.288887917
1115.834812	0.709012281	1.332800666
1113.269617	0.712583108	1.382072136
1110.708788	0.720630304	1.43667308
1108.153572	0.734808338	1.49609767
1105.605197	0.756709012	1.559298761
1103.062432	0.787655462	1.624692791
1100.525281	0.82849332	1.690256543
1097.994951	0.879426353	1.753716845
1095.469031	0.939943991	1.812809738
1092.949926	1.008872145	1.865557363
1090.436436	1.0845464	1.910496167
1087.927379	1.165068995	1.946797254
1085.426307	1.248580791	1.974253047
1082.929671	1.333476887	1.993142041
1080.438658	1.418513313	2.004028415
1077.953269	1.502797083	2.007566035
1075.474661	1.585692822	2.004368147
1073.000517	1.666705716	1.994964882
1070.533147	1.745394803	1.979832022
1068.071394	1.821343138	1.959449354
1065.614124	1.894179689	1.93434536
1063.163613	1.963625842	1.905104369
1060.718722	2.029535032	1.87233646
1058.279449	2.091907174	1.836623862
1055.844681	2.150871124	1.798466144
1053.416652	2.206642307	1.758240442
1050.994241	2.259468691	1.716184889
1048.576348	2.30957726	1.672406508
1046.165177	2.357130507	1.626908655
1043.758533	2.402200443	1.579628858
1041.358598	2.444758058	1.530481551
1038.963198	2.484679595	1.479396792
1036.57342	2.521763712	1.426351937
1034.189263	2.55575638	1.371393011
1031.810725	2.586378169	1.314645942
1029.437803	2.613351399	1.256317978
1027.070497	2.636423855	1.19669157
1024.707753	2.655387652	1.136112801
1022.351675	2.670092975	1.074976379
1020.000163	2.680456137	1.013709356
1017.654266	2.686463707	0.952754568
1015.31295	2.688171325	0.892555684
1012.978278	2.685700757	0.8335435
1010.648189	2.679234489	0.776124441
1008.323712	2.66900788	0.720671553
1006.004843	2.6553009	0.667517419
1003.691578	2.638430379	0.61694883
1001.38291	2.618740729	0.569203611
999.0808456	2.596595669	0.524468789
996.7803993	2.572369954	0.482880175
994.4905225	2.546442003	0.44452303
992.2012978	2.519186515	0.409433832
989.9225881	2.490968448	0.377602772
987.6445665	2.46213678	0.34897712
985.3672957	2.433019776	0.323465096
983.1101673	2.403920536	0.300940315
980.8441144	2.375113505	0.281246628
978.588484	2.346841623	0.264203278
976.3336718	2.319314679	0.249610203
974.0892266	2.292708322	0.237253422
971.855077	2.267163539	0.226910383
969.612349	2.242787511	0.218355049
967.3893065	2.219655035	0.211362654
965.1578033	2.197810795	0.205713994
962.9458439	2.1772712	0.201199239
960.7255399	2.158028628	0.197620929
958.5154513	2.140053374	0.194796522
956.3155076	2.123298375	0.192560016
954.1165358	2.107701893	0.190763086
951.9185919	2.093191364	0.18927549
949.7307513	2.079685966	0.187985024
947.543966	2.067100308	0.186796898
945.3672279	2.055345891	0.185632924
943.1915716	2.04433408	0.184430267
941.0259064	2.033977841	0.183140101
938.861349	2.024192375	0.181726241
936.6979524	2.014896824	0.180163623
934.544503	2.006015173	0.178436849
932.3922388	1.997476116	0.17653888
930.2498651	1.989213647	0.174469737
928.1087001	1.981167346	0.172235332
925.9773691	1.97328216	0.16984645
923.8472696	1.96550851	0.167317836
921.7184519	1.957801459	0.164667468
919.5994225	1.950120746	0.161915886
917.490114	1.94243102	0.159085608
915.3737013	1.934700729	0.156200774
913.2753708	1.926902021	0.153286792
911.1700334	1.919010954	0.150370058
909.0743805	1.911006191	0.147477876
906.9883452	1.902870075	0.144638253
904.8954846	1.894586955	0.141879981
902.820411	1.886144201	0.139232558
900.7386057	1.877531661	0.136726267
898.6663791	1.868742057	0.134392228
896.6036653	1.859769612	0.132262582
894.5423968	1.850611914	0.130370458
892.4826189	1.841268981	0.12875013
890.4323049	1.8317444	0.127437004
888.3834974	1.822044166	0.126467722
886.3362405	1.812178854	0.125879985
884.2983977	1.802162439	0.125712525
882.269904	1.79201398	0.126004785
880.2351988	1.781757842	0.126796593
878.209857	1.77142338	0.128127732
876.1938141	1.761046572	0.130037233
874.1793641	1.750669928	0.132562626
872.1665489	1.740342599	0.135739007
870.1629815	1.730121383	0.139597869
868.1610612	1.720069808	0.144165911
866.1608287	1.710259187	0.149463542
864.1697921	1.700766861	0.155503494
862.187888	1.691677191	0.16228913
860.2002546	1.683078166	0.169813116
858.2217645	1.67506267	0.17805574
856.2523547	1.667723909	0.186983936
854.2773668	1.661155535	0.196550104
852.3114687	1.655448027	0.206691681
850.3545979	1.650685207	0.217331195
848.3994944	1.646943664	0.228376514
846.4461956	1.644287541	0.239722298
844.5018706	1.642768363	0.251251437
842.5593583	1.642419886	0.262837814
840.6186954	1.643258541	0.274348827
838.6869517	1.645282356	0.285648534
836.7570643	1.648469257	0.296601228
834.8360382	1.65277787	0.307074722
832.9168749	1.658148672	0.316943527
830.9996094	1.664505398	0.326091757
829.0842764	1.671757082	0.334415593
827.1777522	1.679800438	0.341825241
825.2799762	1.688522469	0.348246337
823.3773291	1.697803159	0.35362083
821.4834348	1.70751815	0.357907347
819.5982329	1.717541296	0.361081104
817.7082907	1.727747036	0.363133438
815.8337005	1.738012539	0.364071004
813.9544348	1.748219589	0.363914735
812.083807	1.758256203	0.362698596
810.2151932	1.768017973	0.360468225
808.3486246	1.777409157	0.357279472
806.4906366	1.78634351	0.353196906
804.6346958	1.794744895	0.348292302
802.7872774	1.80254767	0.342643155
800.9419077	1.80969689	0.336331225
799.0986168	1.816148326	0.329441139
797.2574344	1.821868328	0.322059067
795.424717	1.826833547	0.314271477
793.5941084	1.831030535	0.306163984
791.7719063	1.834455234	0.297820294
789.9518129	1.837112369	0.289321257
788.1338567	1.839014776	0.280744026
786.3242487	1.84018265	0.272161328
784.5106223	1.840642756	0.263640847
782.7114691	1.840427602	0.25524473
780.9083526	1.839574591	0.247029192
779.1135246	1.838125166	0.239044247
777.3208858	1.836123955	0.231333535
775.5304628	1.833617941	0.223934263
773.7482687	1.83065565	0.216877238
771.9682875	1.82728639	0.210186989
770.1964771	1.823559524	0.203881983
768.4209717	1.819523812	0.197974902
766.6536336	1.815226805	0.192472999
764.8944063	1.81071432	0.187378493
763.1315868	1.806029974	0.182689022
761.3768739	1.801214806	0.178398121
759.6244417	1.796306966	0.174495722
757.8800579	1.791341488	0.170968666
756.1379498	1.78635013	0.167801217
754.3981412	1.781361287	0.164975564
752.6606554	1.776399967	0.162472302
750.9311546	1.771487833	0.160270897
749.2039708	1.766643287	0.158350108
747.4791266	1.761881605	0.156688376
745.7622063	1.757215113	0.155264176
744.047619	1.752653386	0.154056315
742.3353871	1.74820347	0.153044199
740.6255323	1.743870124	0.152208046
738.9235362	1.73965606	0.151529056
737.2239096	1.735562196	0.15098955
735.5320839	1.731587896	0.150573056
733.8372349	1.727731204	0.150264375
732.1501786	1.72398907	0.150049608
730.4655257	1.720357556	0.149916157
728.7886076	1.716832027	0.149852708
727.1087973	1.713407328	0.149849189
725.4367129	1.71007793	0.149896721
723.7670628	1.706838076	0.14998755
722.1050807	1.70368189	0.150114978
720.4455235	1.700603481	0.150273283
718.7884103	1.697597024	0.150457639
717.1337598	1.694656831	0.15066404
715.4867098	1.691777406	0.150889213
713.8370167	1.688953482	0.15113055
712.1949135	1.68618006	0.151386025
710.5603479	1.683452427	0.151654131
708.9232165	1.680766172	0.151933814
707.2936117	1.678117195	0.15222441
705.666502	1.675501709	0.152525596
704.0468614	1.672916238	0.152837332
702.4247703	1.67035761	0.153159825
700.8101365	1.667822956	0.153493479
699.1980199	1.66530969	0.153838866
697.5884368	1.662815507	0.15419669
695.9862473	1.660338365	0.154567761
694.3865789	1.657876474	0.154952967
692.7894474	1.655428284	0.15535325
691.1948686	1.652992468	0.155769592
689.6028577	1.650567915	0.156202993
688.0181637	1.648153711	0.156654456
686.4360242	1.645749129	0.157124975
684.8564541	1.643353618	0.15761552
683.2841369	1.640966788	0.158127031
681.709728	1.638588404	0.158660403
680.1425579	1.636218366	0.159216481
678.577972	1.633856708	0.159796052
677.0159843	1.631503581	0.160399837
675.4611711	1.629159245	0.161028485
673.9089414	1.626824058	0.161682569
672.3593088	1.62449847	0.162362581
670.8122866	1.622183008	0.163068926
669.2678879	1.619878269	0.163801918
667.7305841	1.617584914	0.16456178
666.1914501	1.615303651	0.165348638
664.6593953	1.613035236	0.166162519
663.1343709	1.610780455	0.167003352
661.6075741	1.608540119	0.167870961
660.0834345	1.606315057	0.168765071
658.5663012	1.604106102	0.169685301
657.0518085	1.601914089	0.170631167
655.5399683	1.59973984	0.171602084
654.0350694	1.597584159	0.172597363
652.5285481	1.595447821	0.173616214
651.0289513	1.593331569	0.174657751
649.5320122	1.591236099	0.175720988
648.0377417	1.589162056	0.176804848
646.5461505	1.587110027	0.177908162
645.0614098	1.585080529	0.179029674
643.5751889	1.583074008	0.180168047
642.0958007	1.581090826	0.181321863
640.6190943	1.579131258	0.182489634
639.1450795	1.577195484	0.183669803
637.6778324	1.575283585	0.184860752
636.209211	1.573395533	0.186060805
634.7473388	1.571531191	0.187268241
633.2881588	1.569690305	0.188481292
631.83168	1.567872501	0.189698158
630.3779116	1.56607728	0.190917011
628.9268621	1.564304014	0.192136001
627.4785402	1.562551947	0.193353265
626.0368736	1.560820187	0.194566938
624.5979151	1.559107707	0.195775155
623.1616731	1.557413344	0.196976064
621.7281556	1.555735796	0.198167831
620.2973706	1.554073624	0.19934865
618.8693257	1.552425248	0.200516749
617.4478411	1.550788952	0.2016704
616.0290766	1.549162881	0.202807925
614.6092622	1.547545044	0.203927705
613.1959774	1.545933313	0.205028187
611.7854346	1.544325431	0.206107889
610.3813663	1.542719006	0.207165413
608.9763108	1.541111519	0.208199445
607.5740177	1.539500327	0.209208765
606.1781679	1.537882662	0.210192255
604.7850594	1.536255635	0.211148901
603.3910577	1.534616245	0.212077802
602.0034675	1.532961374	0.212978174
600.6222446	1.531287796	0.213849354
599.2401635	1.529592177	0.214690811
597.8608539	1.527871083	0.215502141
596.4843214	1.526120977	0.216283082
595.1141131	1.524338229	0.217033509
593.7466602	1.522519114	0.217753446
592.3784587	1.520659816	0.218443065
591.0165485	1.518756434	0.219102693
589.657409	1.516804978	0.219732811
588.3010454	1.514801379	0.220334066
586.9474623	1.512741486	0.220907269
585.6000937	1.510621067	0.221453398
584.2520697	1.508435815	0.22197361
582.9068398	1.506181342	0.222469235
581.5677904	1.503853189	0.222941791
580.2315124	1.501446816	0.223392983
578.8946585	1.498957609	0.223824708
577.5639508	1.496380879	0.224239067
576.2360263	1.493711858	0.224638368
574.9108888	1.490945702	0.225025135
573.588542	1.488077485	0.225402113
572.2689893	1.485102205	0.225772286
570.9522341	1.482014775	0.226138877
569.6382797	1.478810026	0.226505369
568.3303591	1.475482707	0.226875514
567.0220005	1.472027478	0.227253347
565.719652	1.468438916	0.227643202
564.4169009	1.464711508	0.228049734
563.120136	1.460839657	0.228477932
561.8230033	1.456817679	0.228933145
560.5318326	1.452639806	0.229421105
559.2434555	1.448300189	0.229947949
557.954761	1.4437929	0.230520249
556.6719922	1.43911194	0.231145045
555.3920235	1.434251249	0.23182987
554.1148569	1.429204708	0.232582791
552.8404945	1.423966159	0.233412444
551.5689378	1.418529416	0.234328075
550.3001888	1.412888285	0.235339582
549.0342488	1.407036586	0.236457559
547.7711193	1.400968178	0.237693349
546.5137885	1.394676992	0.239059091
545.2562704	1.388157067	0.240567776
544.0015667	1.381402591	0.242233304
542.7496784	1.374407953	0.244070542
541.5035387	1.367167801	0.246095391
540.2572705	1.359677102	0.248324844
539.0138203	1.351931226	0.250777059
537.7731888	1.343926026	0.253471427
536.5382552	1.335657941	0.256428639
535.3032493	1.32712411	0.259670761
534.0710635	1.318322498	0.263221305
532.8445373	1.309252044	0.267105294
531.6179793	1.299912831	0.271349338
530.3970552	1.290306274	0.275981685
529.1761257	1.280435336	0.281032284
527.9580168	1.270304771	0.286532825
526.7455029	1.259921403	0.292516765
525.5330219	1.249294428	0.299019333
524.3233607	1.23843577	0.30607751
523.1192555	1.227360457	0.313729966
521.9152201	1.216087051	0.322016949
520.714003	1.204638106	0.330980114
519.5183026	1.19304067	0.340662276
518.3227077	1.181326805	0.35110706
517.1299289	1.169534127	0.362358454
515.9399652	1.157706341	0.37446021
514.7554654	1.145893741	0.387455113
513.5711168	1.134153648	0.401384073
512.38958	1.122550737	0.416285057
511.210854	1.111157197	0.432191846
510.0349374	1.100052673	0.449132654
508.8618287	1.089323922	0.467128637
507.6915266	1.079064139	0.486192364
506.5240295	1.069371904	0.506326337
505.3593358	1.060349754	0.527521662
504.1974437	1.052102383	0.549756989
503.0383516	1.044734562	0.57299784
501.8795389	1.038348864	0.597196421
500.7260528	1.03304335	0.622291955
499.5753609	1.028909372	0.648211567
498.4249771	1.026029646	0.674871643
497.2798791	1.024476727	0.702179579
496.1351075	1.024311968	0.73003576
494.9931443	1.025584983	0.758335627
493.8564261	1.028333605	0.78697168
492.7200611	1.032584245	0.815835286
491.5864971	1.038352566	0.844818219
490.4557315	1.045644361	0.873813886
489.3277615	1.054456522	0.902718233
488.2025845	1.064778017	0.931430367
487.0801978	1.076590806	0.95985293
485.9605983	1.089870651	0.987892281
484.8414326	1.104587803	1.015458553
483.7274099	1.120707552	1.042465628
482.6138365	1.138190658	1.068831069
481.5053784	1.156993677	1.094476053
480.3973847	1.177069195	1.119325325
479.2921813	1.198366005	1.143307187
478.1897648	1.220829236	1.166353531
477.0901319	1.244400465	1.188399916
475.993279	1.269017824	1.209385699
474.8969474	1.294616115	1.22925419
473.8056544	1.321126948	1.247952859
472.7148962	1.348478905	1.265433543
471.6291486	1.376597748	1.281652691
470.5439488	1.405406657	1.296571595
469.4615276	1.434826515	1.310156623
468.3818811	1.464776225	1.322379444
467.3050053	1.495173075	1.33321722
466.2308962	1.525933129	1.342652782
465.157386	1.556971654	1.35067476
464.088808	1.588203566	1.35727768
463.0208406	1.619543902	1.362462017
461.955643	1.650908299	1.366234194
460.893211	1.682213485	1.36860654
459.8335403	1.713377766	1.369597194
458.7745215	1.744321509	1.369229953
457.7203695	1.774967609	1.367534082
456.6668798	1.80524194	1.364544064
455.6182284	1.83507378	1.360299311
454.5702493	1.864396203	1.354843832
453.5229664	1.893146439	1.348225861
452.4804981	1.921266193	1.340497449
451.4407732	1.948701917	1.331714031
450.4017584	1.975405041	1.321933969
449.3654959	2.001332153	1.31121807
448.3319809	2.026445127	1.299629101
447.3012082	2.050711199	1.287231289
446.2731727	2.074102997	1.274089829
445.245887	2.096598513	1.260270388
444.2213466	2.118181034	1.245838627
443.1995462	2.138839014	1.230859737
442.1804804	2.158565913	1.215397996
441.1641439	2.177359992	1.199516352
440.1485942	2.195224058	1.183276041
439.1377092	2.212165198	1.166736229
438.1276178	2.228194462	1.149953706
437.1202518	2.243326535	1.132982603
436.1137036	2.257579387	1.115874164
435.1117802	2.27097391	1.098676558
434.1106809	2.283533541	1.081434723
433.1123017	2.295283893	1.064190274
432.1166369	2.306252375	1.046981431
431.1218221	2.31646783	1.029843002
430.1297271	2.325960174	1.012806402
429.1403461	2.334760063	0.995899703
428.1536729	2.342898563	0.979147725
427.1697017	2.350406859	0.962572146
426.1866101	2.357315976	0.946191651
425.206225	2.363656533	0.930022092
424.2285404	2.369458526	0.91407667
423.25355	2.374751136	0.898366132
422.2794645	2.379562572	0.882898977
421.3080773	2.38391994	0.867681665
420.339382	2.387849143	0.852718833
419.3733723	2.391374804	0.838013504
418.4082912	2.394520223	0.823567296
417.445899	2.397307348	0.80938062
416.4861893	2.399756781	0.795452871
415.527429	2.401887786	0.781782606
414.5713539	2.403718333	0.768367706
413.6179576	2.405265139	0.755205528
412.6672334	2.406543735	0.742293035
411.7174795	2.407568532	0.729626923
410.7720872	2.408352897	0.717203712
409.8259879	2.408909239	0.705019842
408.8842367	2.409249086	0.693071742
407.9434754	2.409383174	0.681355886
407.0053765	2.409321525	0.669868841
406.0699334	2.409073532	0.658607298
405.1354976	2.408648031	0.64756809
404.2037187	2.408053374	0.636748212
403.2745897	2.407297498	0.626144815
402.3464847	2.406387978	0.615755212
401.4210304	2.405332088	0.60557686
400.4982198	2.404136843	0.595607352
399.576449	2.402809045	0.585844398
398.6573221	2.40135531	0.576285802
397.7408321	2.399782104	0.566929446
396.8253968	2.398095761	0.557773263
395.9125983	2.396302504	0.548815218
395.0024293	2.394408453	0.540053282
394.0948823	2.392419637	0.531485417
393.1884041	2.390341998	0.523109554
392.2830087	2.388181389	0.514923573
391.3817734	2.385943576	0.506925293
390.48162	2.383634234	0.499112455
389.5825623	2.381258936	0.491482715
388.6876351	2.378823151	0.48403363
387.7938023	2.376332235	0.476762658
386.9010771	2.373791418	0.46966715
386.0109627	2.371205799	0.462744349
385.1234513	2.368580336	0.455991391
384.2385353	2.365919835	0.449405307
383.3547373	2.363228943	0.442983024
382.47207	2.360512138	0.436721377
381.593458	2.357773724	0.430617104
380.714525	2.355017824	0.424666866
379.8396317	2.352248374	0.418867247
378.9658779	2.349469119	0.413214765
378.0947052	2.34668361	0.407705883
377.2246826	2.343895201	0.40233702
376.3572383	2.341107046	0.397104556
375.4909544	2.338322105	0.39200485
374.6272459	2.335543136	0.387034245
373.7661046	2.332772705	0.38218908
372.9061321	2.330013183	0.377465699
372.0487235	2.327266752	0.372860464
371.1938708	2.324535407	0.368369759
370.3401945	2.321820966	0.363990004
369.4877053	2.319125068	0.35971766
368.6377728	2.316449186	0.355549239
367.7903889	2.313794627	0.351481309
366.9441988	2.311162545	0.347510503
366.1005532	2.308553945	0.343633522
365.2581096	2.305969689	0.339847143
364.4182063	2.303410508	0.336148223
363.579513	2.300877004	0.332533702
362.7433554	2.298369663	0.329000606
361.9097252	2.29588886	0.325546054
361.0773103	2.293434866	0.322167255
360.2474179	2.29100786	0.318861512
359.418748	2.28860793	0.315626225
358.5913099	2.286235085	0.312458889
357.7663929	2.283889261	0.309357093
356.9439883	2.281570329	0.306318526
356.1228196	2.279278098	0.30334097
355.3041581	2.277012327	0.300422302
354.4867387	2.274772724	0.297560492
353.6718208	2.27255896	0.294753601
352.858151	2.270370668	0.291999782
352.0469771	2.268207452	0.289297275
351.2370569	2.266068889	0.286644403
350.4296267	2.263954537	0.284039574
349.6234555	2.261863937	0.281481277
348.8185516	2.259796617	0.278968078
348.0173452	2.257752097	0.276498617
347.2161942	2.255729891	0.274071605
346.4175232	2.253729511	0.271685825
345.6213235	2.251750471	0.269340123
344.8263972	2.249792285	0.267033409
344.0327519	2.247854475	0.264764652
343.2415734	2.245936569	0.262532879
342.4528528	2.244038107	0.260337168
341.6642465	2.242158635	0.258176652
340.879264	2.240297717	0.256050508
340.0944102	2.238454926	0.25395796
339.3131623	2.236629851	0.251898274
338.5320573	2.234822096	0.249870755
337.7533995	2.233031281	0.247874745
336.9771799	2.231257043	0.245909622
336.2022593	2.229499034	0.243974793
335.4286443	2.227756923	0.242069698
334.6574614	2.226030399	0.240193803
333.8875867	2.224319163	0.238346599
333.1190268	2.222622938	0.2365276
332.3528923	2.220941459	0.234736343
331.5891743	2.21927448	0.232972383
330.8267692	2.217621772	0.231235294
330.0656831	2.215983118	0.229524666
329.3059219	2.214358319	0.227840103
328.548571	2.212747191	0.226181224
327.7936211	2.211149562	0.224547658
327.0389242	2.209565275	0.222939045
326.2876944	2.207994185	0.221355037
325.5367287	2.206436161	0.219795291
324.7881569	2.204891082	0.218259475
324.0409199	2.203358838	0.216747261
323.2960681	2.201839332	0.215258328
322.5525519	2.200332473	0.213792361
321.8103765	2.198838181	0.212349047
321.0705777	2.197356386	0.21092808
320.3321203	2.195887022	0.209529154
319.5950092	2.194430034	0.208151968
318.8602659	2.192985372	0.206796222
318.126869	2.191552991	0.205461619
317.3948233	2.190132853	0.204147864
316.6651361	2.188724923	0.202854662
315.9368	2.187329174	0.201581718
315.2098194	2.185945577	0.200328742
314.4851877	2.184574112	0.19909544
313.7619112	2.183214758	0.197881522
313.039994	2.181867497	0.196686697
312.3204158	2.180532314	0.195510674
311.6021962	2.179209195	0.194353162
310.8853393	2.177898126	0.193213873
310.169849	2.176599095	0.192092517
309.4566869	2.175312089	0.190988804
308.7448903	2.174037096	0.189902445
308.0354118	2.172774103	0.188833152
307.3263529	2.171523098	0.187780637
306.6196108	2.170284065	0.186744612
305.91424	2.16905699	0.18572479
305.2111756	2.167841856	0.184720885
304.5085536	2.166638644	0.183732612
303.8082362	2.165447335	0.182759685
303.1102139	2.164267907	0.181801823
302.4126481	2.163100335	0.180858741
301.7173753	2.161944594	0.179930159
301.0234798	2.160800655	0.179015798
300.3309647	2.159668487	0.178115379
299.6398329	2.158548056	0.177228625
298.950981	2.157439328	0.176355263
298.2635098	2.156342262	0.175495018
297.5774222	2.155256818	0.17464762
296.8927208	2.154182951	0.173812801
296.2102856	2.153120615	0.172990293
295.5292338	2.15206976	0.172179833
294.8495678	2.151030334	0.171381159
294.1712901	2.150002282	0.170594012
293.4944031	2.148985545	0.169818135
292.8197665	2.147980063	0.169053275
292.1465173	2.146985772	0.168299181
291.4738082	2.146002608	0.167555605
290.8041899	2.1450305	0.166822302
290.1351159	2.144069379	0.166099031
289.4674378	2.143119169	0.165385554
288.8019916	2.142179795	0.164681634
288.1379374	2.141251178	0.163987041
287.4752771	2.140333238	0.163301546
286.8140126	2.139425891	0.162624924
286.1541455	2.138529051	0.161956954
285.4956776	2.137642632	0.161297417
284.8394218	2.136766542	0.1606461
284.1845608	2.135900692	0.160002792
283.5310963	2.135044987	0.159367285
282.8782294	2.134199331	0.158739378
282.2283623	2.133363629	0.158118869
281.5790956	2.132537781	0.157505564
280.9312308	2.131721687	0.15689927
280.2855549	2.130915246	0.156299799
279.6404942	2.130118353	0.155706966
278.9976174	2.129330905	0.155120591
278.3553652	2.128552796	0.154540497
277.7152918	2.127783919	0.15396651
277.07662	2.127024165	0.153398462
276.4393506	2.126273427	0.152836186
275.8034845	2.125531595	0.15227952
275.1690226	2.124798556	0.151728307
274.5367193	2.124074201	0.151182392
273.9050645	2.123358416	0.150641624
273.2748161	2.122651089	0.150105856
272.646718	2.121952107	0.149574944
272.0192807	2.121261355	0.149048749
271.3939881	2.12057872	0.148527135
270.7700972	2.119904086	0.148009967
270.1468789	2.119237339	0.147497118
269.5257963	2.118578363	0.146988462
268.9061168	2.117927043	0.146483876
268.2871209	2.117283264	0.145983242
267.6702517	2.116646909	0.145486444
267.0547863	2.116017864	0.144993369
266.4407249	2.115396013	0.14450391
265.8273611	2.11478124	0.144017961
265.2161113	2.114173429	0.143535418
264.6062659	2.113572466	0.143056185
263.9978247	2.112978236	0.142580163
263.3907876	2.112390624	0.142107261
262.7844642	2.111809516	0.141637389
262.1802384	2.111234797	0.14117046
261.5774165	2.110666354	0.14070639
260.975998	2.110104073	0.1402451
260.375305	2.109547843	0.13978651
259.776696	2.108997549	0.139330546
259.1794896	2.10845308	0.138877137
258.5830168	2.107914326	0.138426212
257.9886175	2.107381175	0.137977706
257.3949571	2.106853517	0.137531554
256.8027036	2.106331242	0.137087697
256.2125129	2.105814242	0.136646075
255.6230684	2.105302408	0.136206633
255.0350291	2.104795633	0.135769318
254.448394	2.104293809	0.135334079
253.8631627	2.10379683	0.13490087
253.2793342	2.103304592	0.134469644
252.6969077	2.102816989	0.13404036
252.1158825	2.102333918	0.133612976
251.5362577	2.101855275	0.133187455
250.9574025	2.101380958	0.132763761
250.3805785	2.100910866	0.132341863
249.804528	2.100444899	0.131921729
249.2298797	2.099982956	0.131503331
248.6566325	2.09952494	0.131086644
248.0847855	2.099070753	0.130671644
247.5143373	2.098620297	0.13025831
246.944677	2.098173478	0.129846624
246.3770258	2.0977302	0.129436569
245.8101657	2.09729037	0.129028131
245.2447052	2.096853896	0.128621298
244.6806428	2.096420686	0.128216061
244.1179773	2.095990649	0.127812412
243.5567073	2.095563697	0.127410347
242.9968313	2.095139741	0.127009862
242.4377602	2.094718696	0.126610957
241.8800855	2.094300475	0.126213633
241.3238059	2.093884995	0.125817894
240.7689196	2.093472172	0.125423746
240.2148482	2.093061926	0.125031198
239.6627466	2.092654176	0.124640258
239.1114618	2.092248845	0.12425094
238.5615692	2.091845854	0.123863258
238.0125004	2.091445129	0.123477229
237.4653894	2.091046597	0.12309287
236.919104	2.090650184	0.122710203
236.3742087	2.09025582	0.122329251
235.8307019	2.089863437	0.121950037
235.2880278	2.089472968	0.121572589
234.7472945	2.089084349	0.121196935
234.2073953	2.088697515	0.120823106
233.6683358	2.088312406	0.120451134
233.1312086	2.087928963	0.120081053
232.594922	2.087547129	0.1197129
232.06002	2.087166849	0.119346712
231.5259645	2.086788071	0.118982528
230.9938278	2.086410745	0.118620391
230.4625383	2.086034822	0.118260342
229.9326297	2.085660257	0.117902427
229.4035736	2.085287007	0.117546692
228.8758989	2.084915032	0.117193184
228.3496032	2.084544292	0.116841951
227.8241653	2.084174754	0.116493045
227.3006233	2.083806385	0.116146517
226.7774248	2.083439154	0.11580242
226.2561174	2.083073035	0.115460807
225.7356726	2.082708003	0.115121734
225.2166021	2.082344038	0.114785257
224.6983986	2.08198112	0.114451433
224.1815691	2.081619236	0.114120318
223.6661112	2.081258372	0.113791973
223.1515243	2.08089852	0.113466455
222.6383085	2.080539673	0.113143824
222.126461	2.080181831	0.112824141
221.6154883	2.079824992	0.112507466
221.1058832	2.079469161	0.112193858
220.5971565	2.079114345	0.111883379
220.0897966	2.078760556	0.111576088
219.5838009	2.078407806	0.111272047
219.0786865	2.078056113	0.110971316
218.5749351	2.077705498	0.110673953
218.0720685	2.077355985	0.110380019
217.5705636	2.077007602	0.110089571
217.0699464	2.076660379	0.109802667
216.5706898	2.076314352	0.109519364
216.0727906	2.075969558	0.109239718
215.5757814	2.075626037	0.108963783
215.0801281	2.075283836	0.108691613
214.5853674	2.074943	0.108423258
214.0919611	2.074603582	0.108158769
213.5994498	2.074265637	0.107898195
213.108291	2.07392922	0.107641581
212.6180296	2.073594395	0.107388972
212.1291188	2.073261223	0.107140411
211.6411075	2.072929772	0.106895936
211.1544447	2.072600112	0.106655587
210.6686835	2.072272315	0.106419397
210.1842685	2.071946458	0.106187398
209.700757	2.071622617	0.105959621
209.2185895	2.071300874	0.105736092
208.737327	2.070981312	0.105516833
208.2574062	2.070664017	0.105301865
207.7783919	2.070349077	0.105091206
207.3002869	2.070036581	0.104884867
206.8235216	2.069726621	0.10468286
206.3480927	2.069419293	0.10448519
205.8731492	2.06911469	0.104291859
205.3999651	2.068812911	0.104102867
204.9272713	2.068514055	0.103918209
204.4563302	2.06821822	0.103737874
203.9858842	2.067925509	0.10356185
203.5167698	2.067636024	0.103390119
203.0485712	2.067349867	0.103222659
202.5817012	2.067067142	0.103059445
202.1157476	2.066787953	0.102900446
201.6507127	2.066512405	0.102745627
201.1870033	2.066240601	0.10259495
200.724213	2.065972647	0.102448372
200.2627447	2.065708647	0.102305843
199.8021958	2.065448704	0.102167313
199.3425682	2.06519292	0.102032724
198.8842593	2.0649414	0.101902015
198.4268718	2.064694243	0.10177512
197.9704074	2.06445155	0.101651971
197.5148679	2.064213419	0.101532491
197.0606434	2.063979948	0.101416603
196.6073437	2.063751232	0.101304224
196.155355	2.063527364	0.101195267
195.7042908	2.063308436	0.10108964
195.2541526	2.063094537	0.100987247
194.8049418	2.062885754	0.10088799
194.3570378	2.06268217	0.100791764
193.9100606	2.062483867	0.100698464
193.4640118	2.062290922	0.100607977
193.0188927	2.062103411	0.10052019
192.5750754	2.061921405	0.100434984
192.1321869	2.061744974	0.100352238
191.6902286	2.061574181	0.100271827
191.2495673	2.061409087	0.100193623
190.809471	2.06124975	0.100117497
190.3706707	2.061096222	0.100043314
189.9328018	2.060948553	0.099970937
189.4958652	2.060806788	0.09990023
189.0602195	2.060670966	0.09983105
188.6255048	2.060541123	0.099763254
188.1917222	2.060417292	0.099696698
187.7588725	2.060299499	0.099631234
187.3269567	2.060187765	0.099566713
186.8959756	2.060082109	0.099502987
186.4662776	2.059982542	0.099439903
186.0375126	2.059889073	0.09937731
185.6093369	2.059801703	0.099315054
185.1824417	2.059720431	0.099252981
184.7568231	2.059645249	0.099190937
184.3317972	2.059576144	0.099128769
183.9077078	2.0595131	0.09906632
183.4848919	2.059456094	0.099003437
183.0626752	2.059405098	0.098939965
182.64173	2.05936008	0.098875752
182.2217201	2.059321002	0.098810643
181.802646	2.059287823	0.098744487
181.3845079	2.059260494	0.098677133
180.9673064	2.059238963	0.098608431
180.5510418	2.059223173	0.098538234
180.1357142	2.059213062	0.098466394
179.7216471	2.059208564	0.098392767
179.3081931	2.059209608	0.09831721
178.895677	2.059216117	0.098239583
178.4844174	2.059228012	0.098159748
178.073776	2.059245209	0.098077569
177.6643884	2.059267617	0.097992914
177.2556221	2.059295145	0.097905651
176.8481069	2.059327696	0.097815654
176.441216	2.059365169	0.0977228
176.0355733	2.059407459	0.097626966
175.6305576	2.059454458	0.097528037
175.2267873	2.059506054	0.097425897
174.8236466	2.059562133	0.097320438
174.4214441	2.059622576	0.097211552
174.0204822	2.059687262	0.097099137
173.6201538	2.059756067	0.096983094
173.2207629	2.059828863	0.09686333
172.8223093	2.059905521	0.096739752
172.4250899	2.05998591	0.096612275
172.0285086	2.060069894	0.096480818
171.6328636	2.060157338	0.096345302
171.2378614	2.060248103	0.096205654
170.8440894	2.060342049	0.096061805
170.4512526	2.060439034	0.095913692
170.0590615	2.060538916	0.095761254
169.6680953	2.06064155	0.095604436
169.2777764	2.06074679	0.095443188
168.8883935	2.06085449	0.095277463
168.50023	2.060964503	0.09510722
168.1124336	2.061076681	0.094932423
167.7258554	2.061190876	0.094753038
167.340211	2.061306939	0.094569039
166.9552209	2.061424722	0.094380402
166.5711659	2.061544076	0.094187109
166.1880451	2.061664853	0.093989146
165.8058579	2.061786905	0.093786503
165.4246036	2.061910085	0.093579174
165.0442814	2.062034245	0.093367161
164.6646193	2.06215924	0.093150465
164.2858903	2.062284925	0.092929095
163.9080935	2.062411156	0.092703063
163.5309605	2.06253779	0.092472386
163.1550266	2.062664686	0.092237083
162.7797574	2.062791705	0.091997179
162.4051554	2.062918707	0.091752702
162.0317485	2.063045556	0.091503684
161.6590094	2.063172119	0.091250162
161.2872009	2.063298262	0.090992174
160.9163219	2.063423854	0.090729764
160.5461137	2.063548768	0.090462979
160.1770918	2.063672876	0.090191868
159.8084855	2.063796056	0.089916484
159.4410634	2.063918186	0.089636884
159.0743147	2.064039147	0.089353127
158.7084938	2.064158823	0.089065275
158.3433486	2.0642771	0.088773395
157.9793805	2.064393867	0.088477553
157.6158398	2.064509017	0.08817782
157.2534737	2.064622445	0.087874269
156.8917855	2.064734048	0.087566976
156.5310221	2.064843726	0.087256018
156.1709385	2.064951385	0.086941475
155.8117794	2.065056931	0.086623429
155.4533018	2.065160273	0.086301964
155.0957484	2.065261324	0.085977165
154.7391176	2.065360002	0.085649119
154.3831698	2.065456225	0.085317915
154.028144	2.065549916	0.084983644
153.6738028	2.065641001	0.084646397
153.3203829	2.065729408	0.084306267
152.9678829	2.06581507	0.083963348
152.6160683	2.065897923	0.083617734
152.264941	2.065977905	0.083269523
151.9147333	2.066054958	0.082918809
151.5654437	2.066129026	0.082565691
151.2168419	2.066200059	0.082210267
150.8689296	2.066268008	0.081852634
150.5221614	2.066332827	0.081492891
150.1758559	2.066394474	0.081131138
149.8304668	2.06645291	0.080767474
149.485769	2.066508098	0.080401998
149.1419862	2.066560006	0.080034808
148.7991167	2.066608603	0.079666005
148.4567182	2.066653863	0.079295686
148.115453	2.066695761	0.078923951
147.7746614	2.066734276	0.078550898
147.4347822	2.066769389	0.078176625
147.0958138	2.066801085	0.077801228
146.7575389	2.06682935	0.077424805
146.4199588	2.066854176	0.077047452
146.0830745	2.066875553	0.076669263
145.7470996	2.066893478	0.076290334
145.4120323	2.066907947	0.075910757
145.0774496	2.066918961	0.075530626
144.7437746	2.066926522	0.075150032
144.4110053	2.066930634	0.074769065
144.0787246	2.066931306	0.074387816
143.7473497	2.066928547	0.074006371
143.4168784	2.066922367	0.073624819
143.0868995	2.066912781	0.073243245
142.7578242	2.066899804	0.072861733
142.4296504	2.066883454	0.072480368
142.1019724	2.066863751	0.072099229
141.7751956	2.066840716	0.071718398
141.4491179	2.066814373	0.071337954
141.1237401	2.066784747	0.070957974
140.7992611	2.066751864	0.070578533
140.4752841	2.066715753	0.070199707
140.1522053	2.066676443	0.069821567
139.8300226	2.066633967	0.069444186
139.5083447	2.066588356	0.069067632
139.1875622	2.066539646	0.068691973
138.8672873	2.066487871	0.068317276
138.5479071	2.066433068	0.067943605
138.2292283	2.066375275	0.067571023
137.9114415	2.066314532	0.067199592
137.594166	2.066250878	0.06682937
137.2777816	2.066184353	0.066460417
136.9620985	2.066115001	0.066092788
136.6469303	2.066042864	0.065726537
136.3326517	2.065967986	0.065361717
136.0192603	2.06589041	0.06499838
135.7063857	2.065810183	0.064636574
135.3942138	2.06572735	0.064276348
135.0827449	2.065641957	0.063917748
134.7721609	2.065554051	0.063560818
134.4620978	2.065463679	0.0632056
134.1529182	2.06537089	0.062852136
133.8444406	2.065275732	0.062500466
133.5364868	2.065178253	0.062150626
133.2294144	2.065078502	0.061802653
132.9230442	2.064976528	0.061456582
132.6172005	2.06487238	0.061112446
132.3122357	2.064766109	0.060770276
132.0079733	2.064657764	0.060430102
131.7044132	2.064547394	0.060091953
131.4013826	2.064435049	0.059755855
131.0992277	2.064320779	0.059421834
130.7977749	2.064204633	0.059089914
130.4968537	2.064086662	0.058760117
130.1968055	2.063966914	0.058432464
129.8972902	2.06384544	0.058106976
129.598478	2.063722288	0.057783669
129.3005358	2.063597508	0.057462563
129.0031283	2.063471148	0.057143671
128.7064232	2.063343257	0.056827009
128.4104202	2.063213882	0.056512589
128.1151191	2.063083073	0.056200424
127.8203562	2.062950876	0.055890524
127.5264586	2.062817339	0.055582898
127.2330999	2.062682508	0.055277556
126.9404434	2.062546431	0.054974503
126.6484884	2.062409152	0.054673747
126.3572346	2.062270718	0.054375292
126.0666817	2.062131173	0.054079143
125.7766709	2.061990563	0.053785301
125.4873615	2.06184893	0.053493769
125.198753	2.06170632	0.053204549
124.9108449	2.061562774	0.052917639
124.6234813	2.061418335	0.05263304
124.3369731	2.061273045	0.052350749
124.0510098	2.061126946	0.052070764
123.7655929	2.060980077	0.051793082
123.481029	2.06083248	0.051517697
123.1970117	2.060684194	0.051244606
122.9136937	2.060535257	0.050973802
122.6309238	2.060385709	0.050705278
122.3488533	2.060235586	0.050439028
122.0674813	2.060084925	0.050175044
121.7868073	2.059933764	0.049913317
121.5066829	2.059782138	0.049653837
121.2272563	2.059630081	0.049396596
120.9483804	2.059477629	0.049141583
120.6702023	2.059324815	0.048888787
120.3927211	2.059171672	0.048638196
120.1157916	2.059018233	0.048389798
119.8395588	2.05886453	0.048143582
119.5638788	2.058710593	0.047899534
119.288895	2.058556454	0.047657641
119.0146067	2.058402142	0.047417889
118.7408718	2.058247686	0.047180264
118.4676915	2.058093115	0.046944751
118.1953462	2.057938457	0.046711336
117.9234158	2.057783739	0.046480004
117.6521802	2.057628988	0.046250739
117.3816382	2.057474229	0.046023524
117.1116519	2.057319488	0.045798345
116.8423586	2.05716479	0.045575185
116.5736215	2.057010158	0.045354026
116.3054414	2.056855617	0.045134853
116.0379537	2.056701189	0.044917648
115.7711575	2.056546896	0.044702394
115.5047848	2.056392759	0.044489073
115.2392367	2.056238801	0.044277669
114.9741136	2.056085041	0.044068163
114.7096813	2.055931499	0.043860537
114.4458076	2.055778195	0.043654774
114.1826237	2.055625146	0.043450855
113.9199985	2.055472372	0.043248763
113.658062	2.05531989	0.043048478
113.3966843	2.055167716	0.042849984
113.135866	2.055015868	0.04265326
112.8756077	2.054864361	0.04245829
112.6160367	2.054713211	0.042265055
112.3570257	2.054562432	0.042073536
112.098575	2.05441204	0.041883714
111.8408103	2.054262047	0.041695572
111.5834812	2.054112468	0.041509091
111.3269617	2.053963315	0.041324252
111.0708788	2.053814601	0.041141037
110.8153572	2.053666338	0.040959428
110.5605197	2.053518537	0.040779407
110.3062432	2.053371209	0.040600955
110.0525281	2.053224366	0.040424054
109.7994951	2.053078017	0.040248686
109.5469031	2.052932171	0.040074833
109.2949926	2.05278684	0.039902477
109.0436436	2.05264203	0.039731601
108.7927379	2.052497752	0.039562186
108.5426307	2.052354013	0.039394214
108.2929671	2.052210821	0.039227669
108.0438658	2.052068183	0.039062533
107.7953269	2.051926107	0.038898789
107.5474661	2.051784599	0.038736419
107.3000517	2.051643666	0.038575406
107.0533147	2.051503314	0.038415734
106.8071394	2.051363547	0.038257386
106.5614124	2.051224373	0.038100344
106.3163613	2.051085796	0.037944594
106.0718722	2.05094782	0.037790117
105.8279449	2.05081045	0.037636898
105.5844681	2.050673691	0.037484922
105.3416652	2.050537546	0.037334171
105.0994241	2.050402019	0.037184631
104.8576348	2.050267112	0.037036285
104.6165177	2.050132831	0.036889119
104.3758533	2.049999176	0.036743117
104.1358598	2.049866151	0.036598263
103.8963198	2.049733758	0.036454544
103.657342	2.049601999	0.036311944
103.4189263	2.049470877	0.036170449
103.1810725	2.049340392	0.036030044
102.9437803	2.049210546	0.035890715
102.7070497	2.049081341	0.035752448
102.4707753	2.048952778	0.035615229
102.2351675	2.048824857	0.035479045
102.0000163	2.048697579	0.035343881
101.7654266	2.048570945	0.035209724
101.531295	2.048444955	0.035076561
101.2978278	2.048319609	0.03494438
101.0648189	2.048194907	0.034813167
100.8323712	2.048070849	0.034682909
100.6004843	2.047947435	0.034553594
100.3691578	2.047824664	0.03442521
100.138291	2.047702536	0.034297743
99.90808456	2.047581049	0.034171184
99.67803993	2.047460204	0.034045519
99.44905225	2.047339999	0.033920736
99.22012978	2.047220432	0.033796825
98.99225881	2.047101504	0.033673773
98.76445665	2.046983211	0.033551571
98.53672957	2.046865554	0.033430206
98.31101673	2.04674853	0.033309667
98.08441144	2.046632137	0.033189945
97.8588484	2.046516374	0.033071028
97.63336718	2.04640124	0.032952907
97.40892266	2.046286732	0.03283557
97.1855077	2.046172847	0.032719008
96.9612349	2.046059585	0.032603211
96.73893065	2.045946943	0.032488169
96.51578033	2.045834918	0.032373873
96.29458439	2.045723508	0.032260313
96.07255399	2.045612712	0.032147479
95.85154513	2.045502525	0.032035363
95.63155076	2.045392947	0.031923955
95.41165358	2.045283974	0.031813247
95.19185919	2.045175604	0.03170323
94.97307513	2.045067834	0.031593895
94.7543966	2.044960662	0.031485234
94.53672279	2.044854084	0.031377238
94.31915716	2.044748097	0.0312699
94.10259064	2.0446427	0.031163211
93.8861349	2.044537889	0.031057163
93.66979524	2.044433661	0.030951749
93.4544503	2.044330014	0.03084696
93.23922388	2.044226943	0.03074279
93.02498651	2.044124447	0.030639231
92.81087001	2.044022523	0.030536275
92.59773691	2.043921166	0.030433916
92.38472696	2.043820374	0.030332146
92.17184519	2.043720145	0.030230958
91.95994225	2.043620474	0.030130346
91.7490114	2.043521359	0.030030303
91.53737013	2.043422797	0.029930822
91.32753708	2.043324784	0.029831897
91.11700334	2.043227317	0.029733521
90.90743805	2.043130394	0.029635689
90.69883452	2.04303401	0.029538393
90.48954846	2.042938163	0.029441628
90.2820411	2.042842849	0.029345389
90.07386057	2.042748066	0.029249668
89.86663791	2.04265381	0.029154461
89.66036653	2.042560078	0.029059762
89.45423968	2.042466866	0.028965565
89.24826189	2.042374172	0.028871864
89.04323049	2.042281992	0.028778655
88.83834974	2.042190323	0.028685932
88.63362405	2.042099162	0.028593689
88.42983977	2.042008505	0.028501923
88.2269904	2.04191835	0.028410627
88.02351988	2.041828693	0.028319796
87.8209857	2.041739531	0.028229427
87.61938141	2.04165086	0.028139514
87.41793641	2.041562679	0.028050052
87.21665489	2.041474983	0.027961037
87.01629815	2.041387769	0.027872465
86.81610612	2.041301035	0.02778433
86.61608287	2.041214777	0.027696629
86.41697921	2.041128991	0.027609357
86.2187888	2.041043676	0.02752251
86.02002546	2.040958828	0.027436084
85.82217645	2.040874443	0.027350074
85.62523547	2.040790519	0.027264477
85.42773668	2.040707052	0.027179289
85.23114687	2.040624041	0.027094505
85.03545979	2.04054148	0.027010123
84.83994944	2.040459369	0.026926137
84.64461956	2.040377703	0.026842545
84.45018706	2.04029648	0.026759343
84.25593583	2.040215696	0.026676528
84.06186954	2.040135349	0.026594095
83.86869517	2.040055436	0.026512041
83.67570643	2.039975955	0.026430363
83.48360382	2.039896901	0.026349057
83.29168749	2.039818272	0.026268121
83.09996094	2.039740066	0.026187551
82.90842764	2.039662279	0.026107343
82.71777522	2.03958491	0.026027495
82.52799762	2.039507954	0.025948003
82.33773291	2.039431409	0.025868865
82.14834348	2.039355273	0.025790078
81.95982329	2.039279543	0.025711637
81.77082907	2.039204216	0.025633542
81.58337005	2.039129289	0.025555788
81.39544348	2.03905476	0.025478373
81.2083807	2.038980626	0.025401294
81.02151932	2.038906884	0.025324549
80.83486246	2.038833532	0.025248134
80.64906366	2.038760567	0.025172047
80.46346958	2.038687987	0.025096286
80.27872774	2.038615789	0.025020848
80.09419077	2.038543971	0.02494573
79.90986168	2.03847253	0.02487093
